timestamp,solar_irradiance_w_per_m2,pv_profile_per_kwp,life_support_kw,thermal_kw,comms_kw,lighting_kw,science_kw,galley_kw,total_demand_kw,surface_temp_C
01/01/2030 00:00,0,0,9.7,9.69,1.49,0.16,0,0,21.05,-40
01/01/2030 01:00,12.07,0.002413,10.48,13,1.57,0.18,0,0,25.23,-38.52
01/01/2030 02:00,24.13,0.004826,10.42,8.26,1.39,0.23,0,0,20.31,-37.04
01/01/2030 03:00,36.19,0.007239,9.84,11,1.53,0.12,0,0,22.48,-35.56
01/01/2030 04:00,48.25,0.009651,10.54,10.85,1.59,0.18,0,0,23.15,-34.08
01/01/2030 05:00,60.31,0.012062,10,11.58,1.35,0.25,0,0,23.18,-32.6
01/01/2030 06:00,72.36,0.014472,10.78,9.22,1.75,1.48,0,0,23.22,-31.12
01/01/2030 07:00,84.41,0.016882,10.04,12.61,1.62,1.39,0,2.4,28.06,-29.64
01/01/2030 08:00,96.45,0.019289,10.17,10.09,1.5,1.56,2.34,0,25.67,-28.17
01/01/2030 09:00,108.48,0.021696,10.42,13.7,1.42,1.54,3.47,0,30.54,-26.69
01/01/2030 10:00,120.5,0.0241,10.38,11.07,1.48,1.54,2.85,0,27.33,-25.21
01/01/2030 11:00,132.52,0.026503,10.15,11.86,1.51,1.41,4.19,0,29.12,-23.74
01/01/2030 12:00,144.52,0.028904,9.96,12.01,1.54,1.58,1.46,2.9,29.44,-22.27
01/01/2030 13:00,156.51,0.031302,10.15,12.37,1.65,1.46,0,0,25.63,-20.8
01/01/2030 14:00,168.49,0.033698,9.76,12.06,1.45,1.47,1.24,0,25.98,-19.33
01/01/2030 15:00,180.46,0.036091,10.05,11.36,1.56,1.46,4.09,0,28.52,-17.86
01/01/2030 16:00,192.41,0.038482,9.67,12.51,1.37,1.55,0,0,25.1,-16.39
01/01/2030 17:00,204.35,0.040869,9.47,12.7,1.46,1.49,1.77,0,26.88,-14.93
01/01/2030 18:00,216.27,0.043253,10.02,10.85,1.54,1.52,0,2.5,26.43,-13.46
01/01/2030 19:00,228.17,0.045634,10.38,12.64,1.57,1.5,0,0,26.09,-12
01/01/2030 20:00,240.06,0.048011,10.28,13.79,1.42,1.5,0,0,26.99,-10.54
01/01/2030 21:00,251.92,0.050385,9.98,13.06,1.46,1.45,0,0,25.94,-9.09
01/01/2030 22:00,263.77,0.052754,10.52,13.4,1.65,0.29,0,0,25.86,-7.63
01/01/2030 23:00,275.6,0.05512,9.83,12.26,1.62,0.13,0,0,23.83,-6.18
02/01/2030 00:00,287.4,0.057481,9.42,10.6,1.52,0.22,0,0,21.76,-4.73
02/01/2030 01:00,299.19,0.059837,9.35,10.79,1.28,0.22,0,0,21.63,-3.29
02/01/2030 02:00,310.95,0.062189,9.65,12.48,1.75,0.26,0,0,24.13,-1.85
02/01/2030 03:00,322.68,0.064536,10.24,13.41,1.5,0.27,0,0,25.43,-0.41
02/01/2030 04:00,334.39,0.066878,9.81,7.79,1.47,0.19,0,0,19.26,1.03
02/01/2030 05:00,346.07,0.069214,10.14,5.98,1.45,0.23,0,0,17.79,2.46
02/01/2030 06:00,357.73,0.071545,10.49,3.83,1.54,1.59,0,0,17.45,3.89
02/01/2030 07:00,369.35,0.073871,9.67,4.23,1.54,1.5,0,2.61,19.55,5.32
02/01/2030 08:00,380.95,0.076191,10.14,7.28,1.6,1.45,0,0,20.46,6.74
02/01/2030 09:00,392.52,0.078504,10.16,4.79,1.41,1.48,3.87,0,21.71,8.16
02/01/2030 10:00,404.06,0.080812,9.74,5.05,1.47,1.43,0,0,17.69,9.58
02/01/2030 11:00,415.57,0.083113,10.41,4.04,1.7,1.52,0,0,17.67,10.99
02/01/2030 12:00,427.04,0.085408,9.91,6.57,1.52,1.55,0,2.88,22.43,12.4
02/01/2030 13:00,438.48,0.087696,9.88,5.5,1.48,1.49,4.62,0,22.98,13.8
02/01/2030 14:00,449.88,0.089977,10.63,4.23,1.41,1.42,0,0,17.68,15.2
02/01/2030 15:00,461.25,0.092251,10.16,4.01,1.55,1.55,0,0,17.26,16.6
02/01/2030 16:00,472.59,0.094518,10.28,5.31,1.6,1.41,3.63,0,22.23,17.99
02/01/2030 17:00,483.88,0.096777,10.41,5.04,1.59,1.42,0,0,18.46,19.37
02/01/2030 18:00,495.14,0.099029,9.8,5.83,1.47,1.49,3.65,2.5,24.75,20.76
02/01/2030 19:00,506.36,0.101272,10.37,5.55,1.54,1.51,0,0,18.97,22.13
02/01/2030 20:00,517.54,0.103508,9.85,4.74,1.67,1.52,2.62,0,20.39,23.5
02/01/2030 21:00,528.68,0.105736,9.84,4.46,1.61,1.5,0,0,17.4,24.87
02/01/2030 22:00,539.78,0.107956,9.92,4.84,1.42,0.29,0,0,16.47,26.23
02/01/2030 23:00,550.83,0.110167,9.81,4.45,1.25,0.2,0,0,15.71,27.59
03/01/2030 00:00,561.85,0.112369,10.25,4.87,1.53,0.25,0,0,16.9,28.94
03/01/2030 01:00,572.81,0.114563,10.08,5.02,1.58,0.24,0,0,16.92,30.29
03/01/2030 02:00,583.74,0.116747,9.85,4.1,1.39,0.14,0,0,15.48,31.63
03/01/2030 03:00,594.61,0.118922,10.2,5.63,1.5,0.19,0,0,17.52,32.96
03/01/2030 04:00,605.44,0.121088,9.92,4.63,1.47,0.31,0,0,16.33,34.29
03/01/2030 05:00,616.22,0.123245,9.9,4.16,1.51,0.17,0,0,15.74,35.61
03/01/2030 06:00,626.96,0.125392,10.01,4.65,1.45,1.47,0,0,17.57,36.93
03/01/2030 07:00,637.64,0.127529,10.14,5.24,1.63,1.51,0,2.22,20.74,38.24
03/01/2030 08:00,648.28,0.129656,10.12,5.08,1.51,1.48,3.08,0,21.27,39.55
03/01/2030 09:00,658.86,0.131772,9.89,5.42,1.41,1.46,1.39,0,19.58,40.84
03/01/2030 10:00,669.39,0.133879,10.25,5.9,1.59,1.48,2.05,0,21.27,42.14
03/01/2030 11:00,679.87,0.135975,9.93,6.3,1.37,1.57,3.97,0,23.15,43.42
03/01/2030 12:00,690.3,0.13806,9.8,5.29,1.63,1.49,4.06,2.53,24.8,44.7
03/01/2030 13:00,700.67,0.140134,9.56,3.93,1.6,1.43,2.94,0,19.46,45.97
03/01/2030 14:00,710.99,0.142197,10.29,4.73,1.64,1.42,4.4,0,22.49,47.24
03/01/2030 15:00,721.25,0.144249,10,4,1.48,1.61,0,0,17.09,48.5
03/01/2030 16:00,731.45,0.14629,10.06,6.7,1.45,1.49,0,0,19.7,49.75
03/01/2030 17:00,741.6,0.14832,10.31,6.99,1.51,1.52,3.88,0,24.21,51
03/01/2030 18:00,751.69,0.150337,9.86,5.65,1.49,1.46,4.3,2.33,25.09,52.23
03/01/2030 19:00,761.71,0.152343,9.59,5.86,1.43,1.52,3.16,0,21.56,53.47
03/01/2030 20:00,771.68,0.154337,10.02,5.25,1.44,1.57,3.67,0,21.96,54.69
03/01/2030 21:00,781.59,0.156319,10.09,5.37,1.46,1.47,0,0,18.39,55.9
03/01/2030 22:00,791.44,0.158288,9.92,3.4,1.38,0.22,0,0,14.93,57.11
03/01/2030 23:00,801.22,0.160245,10.44,4.93,1.57,0.13,0,0,17.07,58.31
04/01/2030 00:00,810.95,0.162189,9.25,4.12,1.49,0.3,0,0,15.17,59.51
04/01/2030 01:00,820.6,0.164121,10.34,5.28,1.47,0.21,0,0,17.3,60.69
04/01/2030 02:00,830.2,0.16604,10.24,4.94,1.39,0.18,0,0,16.75,61.87
04/01/2030 03:00,839.73,0.167945,10.14,6.95,1.38,0.19,0,0,18.65,63.04
04/01/2030 04:00,849.19,0.169838,9,5.92,1.69,0.17,0,0,16.78,64.2
04/01/2030 05:00,858.59,0.171717,10.39,5.28,1.44,0.18,0,0,17.28,65.35
04/01/2030 06:00,867.91,0.173583,9.69,4.73,1.56,1.38,0,0,17.36,66.5
04/01/2030 07:00,877.17,0.175435,9.85,6.68,1.52,1.5,0,2.08,21.62,67.63
04/01/2030 08:00,886.36,0.177273,9.95,4.97,1.22,1.49,1.08,0,18.71,68.76
04/01/2030 09:00,895.49,0.179097,10.12,5.33,1.68,1.52,4.83,0,23.49,69.88
04/01/2030 10:00,904.54,0.180907,10.19,5.04,1.57,1.47,4.47,0,22.75,70.99
04/01/2030 11:00,913.52,0.182703,10.27,4.6,1.42,1.46,0,0,17.75,72.09
04/01/2030 12:00,922.42,0.184485,10.24,5.04,1.5,1.5,0,2.74,21.02,73.19
04/01/2030 13:00,931.26,0.186252,10.08,3.04,1.39,1.42,0,0,15.92,74.27
04/01/2030 14:00,940.02,0.188005,10.12,3.45,1.68,1.51,0,0,16.77,75.34
04/01/2030 15:00,948.71,0.189742,9.67,5.35,1.41,1.41,1.61,0,19.45,76.41
04/01/2030 16:00,957.33,0.191465,9.77,6.57,1.45,1.56,0,0,19.35,77.47
04/01/2030 17:00,965.86,0.193173,10.27,5.35,1.43,1.53,1.39,0,19.97,78.52
04/01/2030 18:00,974.33,0.194865,10.25,4.28,1.51,1.45,0,2.42,19.92,79.55
04/01/2030 19:00,982.71,0.196543,10.22,7.84,1.64,1.53,4.45,0,25.67,80.58
04/01/2030 20:00,991.02,0.198204,9.85,11.18,1.68,1.51,0,0,24.21,81.6
04/01/2030 21:00,999.25,0.199851,10.27,9.15,1.46,1.45,0,0,22.33,82.61
04/01/2030 22:00,1007.41,0.201481,9.65,10.96,1.54,0.1,0,0,22.25,83.61
04/01/2030 23:00,1015.48,0.203096,10.32,10.58,1.51,0.22,0,0,22.63,84.6
05/01/2030 00:00,1023.47,0.204695,9.92,10.72,1.4,0.16,0,0,22.2,85.58
05/01/2030 01:00,1031.39,0.206277,10.51,10.05,1.74,0.25,0,0,22.55,86.56
05/01/2030 02:00,1039.22,0.207844,9.54,10.58,1.64,0.2,0,0,21.96,87.52
05/01/2030 03:00,1046.97,0.209394,10.53,9.82,1.52,0.17,0,0,22.03,88.47
05/01/2030 04:00,1054.64,0.210927,9.89,9.05,1.66,0.29,0,0,20.89,89.41
05/01/2030 05:00,1062.22,0.212444,9.89,8.55,1.62,0.23,0,0,20.29,90.34
05/01/2030 06:00,1069.72,0.213945,10.06,6.42,1.51,1.32,0,0,19.31,91.26
05/01/2030 07:00,1077.14,0.215428,9.79,9.73,1.53,1.48,0,1.6,24.13,92.17
05/01/2030 08:00,1084.47,0.216895,9.98,12.28,1.65,1.43,2.76,0,28.1,93.07
05/01/2030 09:00,1091.72,0.218344,9.78,11.1,1.41,1.46,4.82,0,28.56,93.96
05/01/2030 10:00,1098.88,0.219777,9.79,10.34,1.67,1.49,2.78,0,26.07,94.84
05/01/2030 11:00,1105.96,0.221192,10.15,8.9,1.48,1.52,0,0,22.04,95.71
05/01/2030 12:00,1112.95,0.22259,9.73,11.5,1.65,1.51,2.13,2.58,29.1,96.56
05/01/2030 13:00,1119.85,0.22397,9.77,9.82,1.5,1.55,1.93,0,24.57,97.41
05/01/2030 14:00,1126.66,0.225332,9.59,12.36,1.53,1.53,4.49,0,29.51,98.25
05/01/2030 15:00,1133.39,0.226677,9.85,8.53,1.5,1.53,1.96,0,23.36,99.07
05/01/2030 16:00,1140.02,0.228004,10.39,8.88,1.45,1.51,1.42,0,23.65,99.89
05/01/2030 17:00,1146.57,0.229314,9.75,8.73,1.47,1.56,0,0,21.51,100.69
05/01/2030 18:00,1153.02,0.230605,9.78,7.78,1.64,1.48,4.92,2.58,28.18,101.48
05/01/2030 19:00,1159.39,0.231878,10.06,8.59,1.27,1.49,4.35,0,25.76,102.26
05/01/2030 20:00,1165.66,0.233133,9.89,10.15,1.38,1.4,1.3,0,24.12,103.03
05/01/2030 21:00,1171.85,0.234369,10.67,8.93,1.43,1.55,0,0,22.58,103.79
05/01/2030 22:00,1177.94,0.235587,9.95,4.22,1.39,0.2,0,0,15.75,104.54
05/01/2030 23:00,1183.93,0.236787,10.1,11.61,1.65,0.35,0,0,23.71,105.27
06/01/2030 00:00,1189.84,0.237968,10.28,7.47,1.63,0.18,0,0,19.56,106
06/01/2030 01:00,1195.65,0.23913,10.28,10.88,1.56,0.2,0,0,22.92,106.71
06/01/2030 02:00,1201.37,0.240273,10.07,10.05,1.44,0.23,0,0,21.78,107.41
06/01/2030 03:00,1206.99,0.241398,9.95,13.18,1.63,0.14,0,0,24.91,108.1
06/01/2030 04:00,1212.52,0.242503,10.61,11.5,1.34,0.22,0,0,23.66,108.78
06/01/2030 05:00,1217.95,0.24359,9.97,9.24,1.71,0.2,0,0,21.13,109.45
06/01/2030 06:00,1223.29,0.244657,9.87,8.95,1.43,1.48,0,0,21.73,110.1
06/01/2030 07:00,1228.53,0.245706,9.81,12.25,1.47,1.56,0,3.09,28.18,110.75
06/01/2030 08:00,1233.67,0.246734,9.48,7.79,1.46,1.45,3.42,0,23.6,111.38
06/01/2030 09:00,1238.72,0.247744,10.25,10.29,1.39,1.51,2.77,0,26.21,112
06/01/2030 10:00,1243.67,0.248734,9.3,9.8,1.69,1.57,0,0,22.36,112.6
06/01/2030 11:00,1248.52,0.249704,10,9.49,1.58,1.46,2.23,0,24.76,113.2
06/01/2030 12:00,1253.27,0.250655,9.94,10.53,1.62,1.49,0,2.5,26.07,113.78
06/01/2030 13:00,1257.93,0.251586,10.67,10.28,1.38,1.62,4.31,0,28.26,114.35
06/01/2030 14:00,1262.49,0.252497,9.45,10.69,1.52,1.52,2.59,0,25.77,114.91
06/01/2030 15:00,1266.94,0.253389,9.73,10.21,1.55,1.47,4.67,0,27.63,115.46
06/01/2030 16:00,1271.3,0.25426,9.96,10.63,1.53,1.54,0,0,23.65,115.99
06/01/2030 17:00,1275.56,0.255112,9.94,10.14,1.38,1.47,0,0,22.94,116.52
06/01/2030 18:00,1279.72,0.255944,9.84,9.01,1.61,1.42,4.27,2.82,28.97,117.03
06/01/2030 19:00,1283.77,0.256755,9.98,10.01,1.51,1.57,2.82,0,25.88,117.52
06/01/2030 20:00,1287.73,0.257546,9.62,8.93,1.4,1.44,0,0,21.4,118.01
06/01/2030 21:00,1291.59,0.258317,10.11,8.83,1.31,1.62,0,0,21.87,118.48
06/01/2030 22:00,1295.34,0.259068,9.3,9.5,1.56,0.18,0,0,20.54,118.94
06/01/2030 23:00,1298.99,0.259798,9.99,9.82,1.75,0.31,0,0,21.86,119.39
07/01/2030 00:00,1302.54,0.260508,9.82,10.05,1.4,0.13,0,0,21.4,119.83
07/01/2030 01:00,1305.99,0.261197,10.3,11.37,1.52,0.25,0,0,23.45,120.25
07/01/2030 02:00,1309.33,0.261866,10.53,9.25,1.61,0.22,0,0,21.61,120.66
07/01/2030 03:00,1312.57,0.262515,9.9,10.3,1.37,0.24,0,0,21.81,121.06
07/01/2030 04:00,1315.71,0.263142,10.42,10.18,1.45,0.25,0,0,22.29,121.44
07/01/2030 05:00,1318.75,0.263749,9.91,9.09,1.41,0.18,0,0,20.58,121.82
07/01/2030 06:00,1321.68,0.264336,9.71,10.11,1.6,1.43,0,0,22.85,122.18
07/01/2030 07:00,1324.51,0.264901,10.52,11.5,1.63,1.5,0,2.69,27.85,122.52
07/01/2030 08:00,1327.23,0.265446,10.16,10.28,1.52,1.51,1.88,0,25.34,122.86
07/01/2030 09:00,1329.85,0.26597,10,10.34,1.42,1.48,4.15,0,27.38,123.18
07/01/2030 10:00,1332.36,0.266472,10.21,8.94,1.46,1.51,2.43,0,24.55,123.49
07/01/2030 11:00,1334.77,0.266954,10.08,12.95,1.44,1.52,0,0,25.99,123.78
07/01/2030 12:00,1337.08,0.267415,9.98,9.03,1.4,1.45,1.99,2.32,26.18,124.06
07/01/2030 13:00,1339.28,0.267855,9.6,7.5,1.49,1.52,0,0,20.11,124.33
07/01/2030 14:00,1341.37,0.268274,9.92,11.29,1.56,1.49,0,0,24.25,124.59
07/01/2030 15:00,1343.36,0.268672,10.19,9.83,1.55,1.47,3.48,0,26.51,124.84
07/01/2030 16:00,1345.24,0.269049,9.96,9.55,1.5,1.54,3.11,0,25.66,125.07
07/01/2030 17:00,1347.02,0.269404,10.27,9.18,1.51,1.46,2.23,0,24.65,125.28
07/01/2030 18:00,1348.69,0.269739,10.12,12.81,1.49,1.48,4.71,2.6,33.21,125.49
07/01/2030 19:00,1350.26,0.270052,9.74,10.53,1.37,1.5,0,0,23.14,125.68
07/01/2030 20:00,1351.72,0.270344,9.6,10.82,1.52,1.57,0,0,23.51,125.86
07/01/2030 21:00,1353.07,0.270615,9.95,10.24,1.44,1.51,0,0,23.15,126.03
07/01/2030 22:00,1354.32,0.270864,9.84,10.41,1.37,0.23,0,0,21.84,126.18
07/01/2030 23:00,1355.46,0.271092,10.1,12.1,1.54,0.19,0,0,23.92,126.32
08/01/2030 00:00,1356.5,0.271299,9.78,9.62,1.44,0.2,0,0,21.04,126.45
08/01/2030 01:00,1357.42,0.271485,9.82,7.81,1.52,0.2,0,0,19.35,126.56
08/01/2030 02:00,1358.24,0.271649,10.32,11.3,1.58,0.21,0,0,23.42,126.66
08/01/2030 03:00,1358.96,0.271792,10.04,10.75,1.4,0.19,0,0,22.38,126.75
08/01/2030 04:00,1359.57,0.271913,9.79,10.16,1.51,0.27,0,0,21.73,126.82
08/01/2030 05:00,1360.07,0.272013,10.01,10.71,1.32,0.18,0,0,22.21,126.89
08/01/2030 06:00,1360.46,0.272092,10.41,9.44,1.65,1.41,0,0,22.93,126.93
08/01/2030 07:00,1360.75,0.272149,10.09,10.03,1.36,1.64,0,2.45,25.57,126.97
08/01/2030 08:00,1360.93,0.272185,10.18,9.8,1.45,1.48,0,0,22.91,126.99
08/01/2030 09:00,1361,0.2722,9.77,9.11,1.63,1.57,2.06,0,24.15,127
08/01/2030 10:00,1360.96,0.272193,10.31,11.78,1.48,1.57,0,0,25.14,127
08/01/2030 11:00,1360.82,0.272165,10.7,7.88,1.38,1.55,0,0,21.5,126.98
08/01/2030 12:00,1360.57,0.272115,9.76,13.54,1.57,1.49,0,2.29,28.66,126.95
08/01/2030 13:00,1360.22,0.272044,9.65,11.32,1.57,1.51,2.19,0,26.23,126.9
08/01/2030 14:00,1359.76,0.271952,10.05,7.33,1.44,1.44,2.31,0,22.57,126.85
08/01/2030 15:00,1359.19,0.271838,10.26,9.66,1.45,1.6,2.77,0,25.74,126.78
08/01/2030 16:00,1358.51,0.271703,9.97,9.75,1.46,1.46,0,0,22.63,126.69
08/01/2030 17:00,1357.73,0.271546,9.68,10.59,1.48,1.49,1.32,0,24.56,126.6
08/01/2030 18:00,1356.84,0.271368,9.97,8.52,1.31,1.5,0,2.35,23.64,126.49
08/01/2030 19:00,1355.85,0.271169,10.18,10.05,1.48,1.49,3.23,0,26.43,126.37
08/01/2030 20:00,1354.74,0.270949,9.88,9.82,1.68,1.47,4.56,0,27.4,126.23
08/01/2030 21:00,1353.53,0.270707,10.18,8.89,1.41,1.57,0,0,22.06,126.08
08/01/2030 22:00,1352.22,0.270444,10.35,8.68,1.44,0.25,0,0,20.72,125.92
08/01/2030 23:00,1350.8,0.270159,10.07,11.38,1.38,0.22,0,0,23.05,125.75
09/01/2030 00:00,1349.27,0.269854,9.99,7.46,1.56,0.18,0,0,19.19,125.56
09/01/2030 01:00,1347.64,0.269527,10.25,10.72,1.62,0.25,0,0,22.84,125.36
09/01/2030 02:00,1345.9,0.269179,9.74,11.2,1.62,0.18,0,0,22.73,125.15
09/01/2030 03:00,1344.05,0.26881,9.71,9.67,1.38,0.28,0,0,21.04,124.92
09/01/2030 04:00,1342.1,0.26842,9.92,10.08,1.55,0.21,0,0,21.75,124.68
09/01/2030 05:00,1340.04,0.268009,9.85,11.75,1.64,0.26,0,0,23.5,124.43
09/01/2030 06:00,1337.88,0.267576,9.76,8.94,1.55,1.49,0,0,21.75,124.16
09/01/2030 07:00,1335.61,0.267123,10.55,9.1,1.55,1.5,0,2.3,25,123.89
09/01/2030 08:00,1333.24,0.266648,10.65,9.26,1.45,1.56,4.69,0,27.61,123.59
09/01/2030 09:00,1330.77,0.266153,9.89,11.75,1.52,1.61,2.17,0,26.94,123.29
09/01/2030 10:00,1328.18,0.265637,10.03,11.94,1.62,1.58,3.09,0,28.26,122.97
09/01/2030 11:00,1325.5,0.2651,9.94,7.91,1.53,1.54,3.75,0,24.68,122.64
09/01/2030 12:00,1322.71,0.264542,10.33,11.51,1.38,1.53,3.64,2.5,30.88,122.3
09/01/2030 13:00,1319.81,0.263963,10.39,11.23,1.45,1.47,0,0,24.55,121.95
09/01/2030 14:00,1316.82,0.263363,9.47,12.33,1.62,1.51,0,0,24.93,121.58
09/01/2030 15:00,1313.72,0.262743,10.14,10.58,1.53,1.45,4.97,0,28.68,121.2
09/01/2030 16:00,1310.51,0.262102,9.61,9.93,1.51,1.52,1.43,0,24,120.8
09/01/2030 17:00,1307.2,0.261441,10.53,11.72,1.44,1.52,0,0,25.21,120.4
09/01/2030 18:00,1303.79,0.260759,10.13,11.05,1.62,1.4,3.85,2.5,30.55,119.98
09/01/2030 19:00,1300.28,0.260056,9.75,13.37,1.67,1.5,1.07,0,27.36,119.55
09/01/2030 20:00,1296.67,0.259333,9.93,11.44,1.63,1.52,2.51,0,27.02,119.11
09/01/2030 21:00,1292.95,0.25859,9.91,10.23,1.64,1.5,0,0,23.28,118.65
09/01/2030 22:00,1289.13,0.257826,10.16,8.24,1.46,0.22,0,0,20.08,118.18
09/01/2030 23:00,1285.21,0.257042,10.31,9.13,1.45,0.13,0,0,21.02,117.7
10/01/2030 00:00,1281.19,0.256238,9.66,7.85,1.48,0.16,0,0,19.15,117.21
10/01/2030 01:00,1277.07,0.255414,10.55,9.68,1.5,0.25,0,0,21.98,116.7
10/01/2030 02:00,1272.85,0.254569,10.48,11.39,1.64,0.2,0,0,23.71,116.18
10/01/2030 03:00,1268.52,0.253705,9.74,9.99,1.62,0.22,0,0,21.57,115.65
10/01/2030 04:00,1264.1,0.252821,10.02,11.53,1.55,0.17,0,0,23.28,115.11
10/01/2030 05:00,1259.58,0.251916,10.51,10.51,1.36,0.2,0,0,22.58,114.56
10/01/2030 06:00,1254.96,0.250992,10.37,9.4,1.33,1.38,0,0,22.48,113.99
10/01/2030 07:00,1250.24,0.250049,9.9,10.13,1.52,1.54,0,2.34,25.43,113.41
10/01/2030 08:00,1245.43,0.249085,10.24,10.71,1.59,1.59,1.79,0,25.92,112.82
10/01/2030 09:00,1240.51,0.248102,10.9,10.21,1.49,1.45,0,0,24.05,112.22
10/01/2030 10:00,1235.5,0.2471,10.03,10.23,1.69,1.45,0,0,23.4,111.6
10/01/2030 11:00,1230.39,0.246078,9.81,8.85,1.39,1.52,0,0,21.57,110.97
10/01/2030 12:00,1225.18,0.245037,10.05,9.35,1.38,1.57,0,2.44,24.79,110.33
10/01/2030 13:00,1219.88,0.243976,10.07,13.39,1.43,1.5,4.47,0,30.87,109.68
10/01/2030 14:00,1214.48,0.242897,9.84,11.84,1.43,1.44,2.88,0,27.43,109.02
10/01/2030 15:00,1208.99,0.241798,10.13,7.79,1.55,1.49,0,0,20.96,108.35
10/01/2030 16:00,1203.4,0.24068,9.62,6.45,1.46,1.45,4.16,0,23.14,107.66
10/01/2030 17:00,1197.72,0.239544,9.8,10.11,1.35,1.47,1.51,0,24.24,106.96
10/01/2030 18:00,1191.94,0.238388,10.23,11.34,1.59,1.48,1.66,1.94,28.24,106.26
10/01/2030 19:00,1186.07,0.237214,9.47,9.22,1.32,1.45,0,0,21.47,105.54
10/01/2030 20:00,1180.11,0.236021,10.27,11.53,1.39,1.46,0,0,24.66,104.8
10/01/2030 21:00,1174.05,0.23481,9.4,10.09,1.34,1.5,0,0,22.33,104.06
10/01/2030 22:00,1167.9,0.23358,9.48,9.76,1.52,0.21,0,0,20.97,103.31
10/01/2030 23:00,1161.66,0.232332,9.85,11.13,1.52,0.13,0,0,22.63,102.54
11/01/2030 00:00,1155.33,0.231065,10.09,9.2,1.69,0.22,0,0,21.2,101.76
11/01/2030 01:00,1148.9,0.229781,10.4,9.57,1.59,0.18,0,0,21.74,100.97
11/01/2030 02:00,1142.39,0.228478,10.02,11.01,1.64,0.24,0,0,22.9,100.18
11/01/2030 03:00,1135.79,0.227157,9.93,9.95,1.53,0.24,0,0,21.65,99.37
11/01/2030 04:00,1129.09,0.225819,10.17,12.86,1.4,0.17,0,0,24.61,98.54
11/01/2030 05:00,1122.31,0.224462,9.74,11.04,1.51,0.23,0,0,22.52,97.71
11/01/2030 06:00,1115.44,0.223088,10.04,10.94,1.56,1.46,0,0,24,96.87
11/01/2030 07:00,1108.49,0.221697,9.64,9.93,1.57,1.57,0,2.2,24.9,96.02
11/01/2030 08:00,1101.44,0.220288,10.02,11.31,1.45,1.46,2.17,0,26.42,95.15
11/01/2030 09:00,1094.31,0.218862,9.96,9.52,1.55,1.52,4.3,0,26.84,94.28
11/01/2030 10:00,1087.09,0.217419,9.76,10.42,1.41,1.49,4.7,0,27.78,93.39
11/01/2030 11:00,1079.79,0.215958,10.05,8.63,1.4,1.45,0,0,21.52,92.49
11/01/2030 12:00,1072.4,0.214481,10.05,11.56,1.39,1.55,0,2.41,26.95,91.59
11/01/2030 13:00,1064.93,0.212986,10.35,10.44,1.5,1.47,3.76,0,27.52,90.67
11/01/2030 14:00,1057.38,0.211475,9.52,12.97,1.38,1.41,0,0,25.29,89.74
11/01/2030 15:00,1049.74,0.209948,9.98,13.59,1.46,1.36,0,0,26.38,88.81
11/01/2030 16:00,1042.02,0.208404,9.77,11.14,1.59,1.46,0,0,23.96,87.86
11/01/2030 17:00,1034.21,0.206843,10.26,10.1,1.4,1.57,3.53,0,26.86,86.9
11/01/2030 18:00,1026.33,0.205266,10.23,8.58,1.45,1.56,0,3,24.82,85.93
11/01/2030 19:00,1018.37,0.203673,10.15,11.36,1.51,1.46,0,0,24.48,84.96
11/01/2030 20:00,1010.32,0.202064,9.79,10.32,1.52,1.48,0,0,23.11,83.97
11/01/2030 21:00,1002.2,0.200439,10.27,10.81,1.45,1.48,0,0,24,82.97
11/01/2030 22:00,993.99,0.198799,9.54,12.59,1.58,0.13,0,0,23.85,81.97
11/01/2030 23:00,985.71,0.197143,9.48,8.76,1.56,0.15,0,0,19.95,80.95
12/01/2030 00:00,977.35,0.195471,9.62,4.08,1.61,0.25,0,0,15.56,79.93
12/01/2030 01:00,968.92,0.193784,9.99,4.76,1.49,0.23,0,0,16.47,78.89
12/01/2030 02:00,960.41,0.192082,10.2,5.82,1.45,0.21,0,0,17.69,77.85
12/01/2030 03:00,951.82,0.190364,9.11,5.55,1.43,0.13,0,0,16.23,76.79
12/01/2030 04:00,943.16,0.188632,10.4,4.1,1.53,0.21,0,0,16.24,75.73
12/01/2030 05:00,934.42,0.186885,10.04,5.76,1.46,0.1,0,0,17.36,74.66
12/01/2030 06:00,925.61,0.185123,9.53,3.8,1.44,1.54,0,0,16.31,73.58
12/01/2030 07:00,916.73,0.183346,10.03,4.16,1.46,1.51,0,2.69,19.85,72.49
12/01/2030 08:00,907.78,0.181556,10.33,4.88,1.43,1.43,1.42,0,19.5,71.39
12/01/2030 09:00,898.75,0.17975,10.18,4.45,1.52,1.58,0,0,17.73,70.28
12/01/2030 10:00,889.66,0.177931,10.33,5.89,1.36,1.41,1.85,0,20.84,69.16
12/01/2030 11:00,880.49,0.176098,9.59,5.29,1.53,1.53,3.4,0,21.33,68.04
12/01/2030 12:00,871.25,0.174251,9.88,6.77,1.57,1.53,2.16,2.21,24.1,66.91
12/01/2030 13:00,861.95,0.17239,9.72,4.75,1.44,1.44,4.06,0,21.42,65.76
12/01/2030 14:00,852.58,0.170516,10.52,4.88,1.69,1.5,0,0,18.58,64.61
12/01/2030 15:00,843.14,0.168628,10.19,6.21,1.5,1.42,1.53,0,20.85,63.46
12/01/2030 16:00,833.64,0.166727,10.85,4.91,1.34,1.36,0,0,18.46,62.29
12/01/2030 17:00,824.07,0.164813,9.86,6.49,1.47,1.45,0,0,19.27,61.12
12/01/2030 18:00,814.43,0.162886,9.78,5.54,1.51,1.47,0,2.98,21.28,59.93
12/01/2030 19:00,804.73,0.160946,9.96,3,1.54,1.53,0,0,16.03,58.74
12/01/2030 20:00,794.97,0.158994,10.41,6.18,1.47,1.5,0,0,19.57,57.55
12/01/2030 21:00,785.14,0.157029,9.89,5.91,1.4,1.5,0,0,18.71,56.34
12/01/2030 22:00,775.26,0.155052,10.04,5.95,1.39,0.15,0,0,17.53,55.13
12/01/2030 23:00,765.31,0.153062,10.03,3.09,1.43,0.17,0,0,14.73,53.91
13/01/2030 00:00,755.3,0.151061,10.01,4.34,1.44,0.15,0,0,15.95,52.68
13/01/2030 01:00,745.24,0.149047,9.8,4.41,1.39,0.14,0,0,15.74,51.44
13/01/2030 02:00,735.11,0.147022,9.96,4.16,1.43,0.17,0,0,15.71,50.2
13/01/2030 03:00,724.93,0.144985,9.95,6.74,1.57,0.2,0,0,18.46,48.95
13/01/2030 04:00,714.69,0.142937,10,4.99,1.66,0.17,0,0,16.82,47.69
13/01/2030 05:00,704.39,0.140878,10.28,4.96,1.58,0.18,0,0,17.01,46.43
13/01/2030 06:00,694.04,0.138808,10.53,5.55,1.63,1.53,0,0,19.25,45.16
13/01/2030 07:00,683.63,0.136726,9.75,5.57,1.6,1.47,0,2.5,20.89,43.88
13/01/2030 08:00,673.17,0.134634,9.88,3,1.58,1.43,1.43,0,17.33,42.6
13/01/2030 09:00,662.66,0.132532,9.75,4.35,1.47,1.53,0,0,17.1,41.31
13/01/2030 10:00,652.09,0.130419,10.06,3.59,1.51,1.51,0,0,16.67,40.01
13/01/2030 11:00,641.48,0.128296,9.84,5.4,1.46,1.52,4.85,0,23.06,38.71
13/01/2030 12:00,630.81,0.126162,10.07,4.71,1.48,1.53,0,2.16,19.95,37.4
13/01/2030 13:00,620.09,0.124019,10.33,5.02,1.51,1.52,0,0,18.38,36.09
13/01/2030 14:00,609.33,0.121866,9.24,3,1.57,1.5,1.43,0,16.75,34.77
13/01/2030 15:00,598.52,0.119703,10.15,4.69,1.54,1.62,0,0,18,33.44
13/01/2030 16:00,587.66,0.117531,9.86,6.12,1.48,1.44,1.12,0,20.02,32.11
13/01/2030 17:00,576.75,0.11535,10.14,6.41,1.51,1.47,0,0,19.52,30.77
13/01/2030 18:00,565.8,0.11316,9.73,5.72,1.54,1.55,0,2.48,21.02,29.43
13/01/2030 19:00,554.8,0.110961,10.36,3.66,1.57,1.51,4.12,0,21.22,28.08
13/01/2030 20:00,543.76,0.108753,10.27,6.26,1.35,1.54,2.14,0,21.56,26.72
13/01/2030 21:00,532.68,0.106536,10.17,5.72,1.39,1.51,0,0,18.8,25.36
13/01/2030 22:00,521.56,0.104311,10.24,4.88,1.61,0.27,0,0,17,24
13/01/2030 23:00,510.39,0.102078,9.78,3,1.49,0.15,0,0,14.42,22.63
14/01/2030 00:00,499.19,0.099837,9.81,5.95,1.46,0.27,0,0,17.49,21.25
14/01/2030 01:00,487.94,0.097588,10.23,4.41,1.47,0.26,0,0,16.37,19.87
14/01/2030 02:00,476.66,0.095332,9.77,5.35,1.47,0.14,0,0,16.73,18.49
14/01/2030 03:00,465.34,0.093068,10.43,5.07,1.56,0.23,0,0,17.29,17.1
14/01/2030 04:00,453.98,0.090796,9.9,6.54,1.39,0.2,0,0,18.03,15.71
14/01/2030 05:00,442.59,0.088518,10.15,4.87,1.5,0.17,0,0,16.7,14.31
14/01/2030 06:00,431.16,0.086232,10.63,4.98,1.52,1.41,0,0,18.54,12.91
14/01/2030 07:00,419.7,0.08394,9.79,6.58,1.54,1.45,0,2.8,22.15,11.5
14/01/2030 08:00,408.21,0.081641,10.02,4.34,1.52,1.54,0,0,17.42,10.09
14/01/2030 09:00,396.68,0.079336,10.32,5.81,1.55,1.54,0,0,19.22,8.67
14/01/2030 10:00,385.12,0.077024,10.29,4.8,1.44,1.49,2.3,0,20.32,7.26
14/01/2030 11:00,373.53,0.074707,9.9,4,1.41,1.54,5,0,21.85,5.83
14/01/2030 12:00,361.92,0.072383,9.84,5,1.75,1.55,0,2.16,20.3,4.41
14/01/2030 13:00,350.27,0.070054,9.93,5.69,1.47,1.51,1.3,0,19.9,2.98
14/01/2030 14:00,338.6,0.06772,10.43,6.35,1.48,1.46,3.57,0,23.3,1.55
14/01/2030 15:00,326.9,0.06538,9.92,6.47,1.57,1.52,0,0,19.48,0.11
14/01/2030 16:00,315.17,0.063035,10.02,11.56,1.66,1.52,4.93,0,29.7,-1.33
14/01/2030 17:00,303.42,0.060684,9.87,10.52,1.45,1.53,2.18,0,25.55,-2.77
14/01/2030 18:00,291.65,0.05833,10.21,11.52,1.4,1.54,3.08,2.19,29.95,-4.21
14/01/2030 19:00,279.85,0.05597,10.05,10.23,1.38,1.43,0,0,23.08,-5.66
14/01/2030 20:00,268.03,0.053606,9.7,11.67,1.66,1.47,0,0,24.51,-7.11
14/01/2030 21:00,256.19,0.051238,9.71,11.49,1.4,1.41,0,0,24,-8.56
14/01/2030 22:00,244.33,0.048866,9.4,13.09,1.5,0.24,0,0,24.23,-10.02
14/01/2030 23:00,232.45,0.046491,9.75,8.69,1.4,0.19,0,0,20.03,-11.48
15/01/2030 00:00,220.55,0.044111,10.24,10.9,1.36,0.22,0,0,22.71,-12.94
15/01/2030 01:00,208.64,0.041728,10.4,10.91,1.47,0.13,0,0,22.91,-14.4
15/01/2030 02:00,196.71,0.039342,10.21,13.78,1.41,0.27,0,0,25.66,-15.86
15/01/2030 03:00,184.76,0.036952,10.17,10.33,1.43,0.14,0,0,22.07,-17.33
15/01/2030 04:00,172.8,0.03456,9.96,12.34,1.7,0.24,0,0,24.24,-18.8
15/01/2030 05:00,160.83,0.032165,10.23,11.81,1.54,0.21,0,0,23.79,-20.27
15/01/2030 06:00,148.84,0.029767,10.09,13.56,1.59,1.49,0,0,26.73,-21.74
15/01/2030 07:00,136.84,0.027368,10.54,12.89,1.58,1.49,0,3.04,29.55,-23.21
15/01/2030 08:00,124.83,0.024966,9.97,12.18,1.49,1.47,1.65,0,26.76,-24.68
15/01/2030 09:00,112.81,0.022562,10.4,11.17,1.46,1.56,3.01,0,27.6,-26.16
15/01/2030 10:00,100.78,0.020156,10.26,9.22,1.52,1.5,0,0,22.51,-27.63
15/01/2030 11:00,88.74,0.017749,10.22,12.37,1.52,1.44,0,0,25.54,-29.11
15/01/2030 12:00,76.7,0.01534,9.4,12.8,1.44,1.48,1.4,2.59,29.11,-30.59
15/01/2030 13:00,64.65,0.01293,10.28,9.64,1.51,1.51,4.67,0,27.61,-32.07
15/01/2030 14:00,52.59,0.010519,9.96,10.15,1.43,1.54,2.28,0,25.37,-33.55
15/01/2030 15:00,40.54,0.008107,9.87,12.38,1.48,1.47,1.53,0,26.73,-35.03
15/01/2030 16:00,28.47,0.005695,9.56,12.51,1.47,1.47,4.17,0,29.17,-36.51
15/01/2030 17:00,16.41,0.003282,10,10.51,1.37,1.5,0,0,23.39,-37.99
15/01/2030 18:00,4.34,0.000869,10.01,11.14,1.26,1.54,1.67,2.36,27.99,-39.47
15/01/2030 19:00,0,0,9.61,9.25,1.41,1.43,0,0,21.69,-40
15/01/2030 20:00,0,0,9.56,14.07,1.68,1.53,0,0,26.83,-40.01
15/01/2030 21:00,0,0,10.15,10.05,1.47,1.48,0,0,23.14,-40.02
15/01/2030 22:00,0,0,10.26,12.81,1.58,0.18,0,0,24.84,-40.03
15/01/2030 23:00,0,0,10.06,11.95,1.29,0.3,0,0,23.59,-40.06
16/01/2030 00:00,0,0,10.35,13.93,1.4,0.19,0,0,25.87,-40.08
16/01/2030 01:00,0,0,9.97,10.81,1.36,0.24,0,0,22.39,-40.12
16/01/2030 02:00,0,0,9.98,12.09,1.48,0.24,0,0,23.79,-40.15
16/01/2030 03:00,0,0,9.72,9.45,1.74,0.14,0,0,21.06,-40.19
16/01/2030 04:00,0,0,9.53,9.09,1.55,0.11,0,0,20.28,-40.24
16/01/2030 05:00,0,0,10.56,12.89,1.67,0.24,0,0,25.36,-40.3
16/01/2030 06:00,0,0,10.34,9.32,1.47,1.45,0,0,22.58,-40.35
16/01/2030 07:00,0,0,9.58,11.66,1.64,1.42,0,2.47,26.76,-40.42
16/01/2030 08:00,0,0,10.05,13.52,1.71,1.55,4.4,0,31.22,-40.49
16/01/2030 09:00,0,0,9.97,13.12,1.49,1.45,0,0,26.03,-40.56
16/01/2030 10:00,0,0,9.92,11,1.45,1.46,3.24,0,27.07,-40.64
16/01/2030 11:00,0,0,9.88,9.62,1.37,1.6,0,0,22.46,-40.72
16/01/2030 12:00,0,0,10.11,12.76,1.47,1.42,0,2.59,28.35,-40.81
16/01/2030 13:00,0,0,10.25,14.01,1.51,1.44,1.49,0,28.69,-40.91
16/01/2030 14:00,0,0,10.12,11.01,1.7,1.48,4.02,0,28.33,-41.01
16/01/2030 15:00,0,0,9.96,10.8,1.37,1.49,3.18,0,26.8,-41.11
16/01/2030 16:00,0,0,9.95,11.21,1.51,1.46,0,0,24.13,-41.22
16/01/2030 17:00,0,0,10.28,12.86,1.32,1.44,4,0,29.9,-41.34
16/01/2030 18:00,0,0,10.14,13.84,1.46,1.58,2.51,2.44,31.97,-41.46
16/01/2030 19:00,0,0,10.02,10.14,1.53,1.51,4.86,0,28.07,-41.58
16/01/2030 20:00,0,0,9.99,9.75,1.55,1.53,0,0,22.82,-41.71
16/01/2030 21:00,0,0,10.1,15.51,1.56,1.49,0,0,28.67,-41.85
16/01/2030 22:00,0,0,9.86,11.73,1.54,0.21,0,0,23.35,-41.99
16/01/2030 23:00,0,0,10.25,12.38,1.56,0.25,0,0,24.43,-42.13
17/01/2030 00:00,0,0,9.68,10.96,1.5,0.15,0,0,22.29,-42.28
17/01/2030 01:00,0,0,9.88,12.73,1.4,0.21,0,0,24.22,-42.44
17/01/2030 02:00,0,0,10.18,13.44,1.31,0.23,0,0,25.17,-42.6
17/01/2030 03:00,0,0,9.66,12.45,1.45,0.28,0,0,23.83,-42.76
17/01/2030 04:00,0,0,9.53,14.61,1.49,0.3,0,0,25.92,-42.94
17/01/2030 05:00,0,0,10.02,11.51,1.63,0.2,0,0,23.36,-43.11
17/01/2030 06:00,0,0,9.49,11.61,1.49,1.56,0,0,24.14,-43.29
17/01/2030 07:00,0,0,9.61,12.35,1.48,1.37,0,2.9,27.71,-43.48
17/01/2030 08:00,0,0,10.23,12.7,1.54,1.58,4.83,0,30.87,-43.67
17/01/2030 09:00,0,0,9.94,12.34,1.47,1.46,0,0,25.22,-43.86
17/01/2030 10:00,0,0,10.39,10.07,1.58,1.49,1.31,0,24.84,-44.06
17/01/2030 11:00,0,0,9.64,12.47,1.7,1.52,3.5,0,28.83,-44.27
17/01/2030 12:00,0,0,9.97,11.44,1.72,1.49,0,2.53,27.15,-44.48
17/01/2030 13:00,0,0,10.12,11.13,1.51,1.51,2.78,0,27.05,-44.7
17/01/2030 14:00,0,0,9.65,12.05,1.53,1.58,1.2,0,26.01,-44.92
17/01/2030 15:00,0,0,10.31,10.56,1.66,1.48,2.39,0,26.4,-45.14
17/01/2030 16:00,0,0,10.15,10.3,1.49,1.45,4.79,0,28.17,-45.37
17/01/2030 17:00,0,0,9.52,8.08,1.57,1.59,1.01,0,21.76,-45.6
17/01/2030 18:00,0,0,9.99,14.62,1.39,1.53,2.85,2.7,33.07,-45.84
17/01/2030 19:00,0,0,10.12,12.83,1.47,1.6,0,0,26.01,-46.09
17/01/2030 20:00,0,0,9.82,11.82,1.62,1.54,2.98,0,27.79,-46.34
17/01/2030 21:00,0,0,9.56,11,1.43,1.43,0,0,23.42,-46.59
17/01/2030 22:00,0,0,10.08,7.69,1.49,0.23,0,0,19.49,-46.85
17/01/2030 23:00,0,0,10.66,10.91,1.34,0.15,0,0,23.06,-47.11
18/01/2030 00:00,0,0,9.88,13.07,1.7,0.2,0,0,24.86,-47.38
18/01/2030 01:00,0,0,10.47,13.41,1.63,0.2,0,0,25.71,-47.65
18/01/2030 02:00,0,0,9.77,12.96,1.52,0.12,0,0,24.38,-47.93
18/01/2030 03:00,0,0,10.06,12.24,1.55,0.16,0,0,24.01,-48.21
18/01/2030 04:00,0,0,10.23,13.96,1.54,0.31,0,0,26.04,-48.5
18/01/2030 05:00,0,0,10,11.51,1.64,0.21,0,0,23.36,-48.79
18/01/2030 06:00,0,0,9.91,13.63,1.45,1.49,0,0,26.48,-49.08
18/01/2030 07:00,0,0,10.22,11.42,1.57,1.59,0,2.52,27.33,-49.38
18/01/2030 08:00,0,0,10.57,10.68,1.61,1.48,2.24,0,26.57,-49.68
18/01/2030 09:00,0,0,10.09,10.49,1.62,1.5,3.45,0,27.15,-49.99
18/01/2030 10:00,0,0,9.85,10.4,1.27,1.55,4.09,0,27.16,-50.31
18/01/2030 11:00,0,0,9.94,12.99,1.44,1.48,2.08,0,27.93,-50.62
18/01/2030 12:00,0,0,10.76,10.89,1.4,1.46,4.85,2.49,31.84,-50.95
18/01/2030 13:00,0,0,10.04,10.45,1.51,1.39,1.8,0,25.19,-51.27
18/01/2030 14:00,0,0,9.82,13.07,1.3,1.45,3.55,0,29.19,-51.6
18/01/2030 15:00,0,0,9.66,12.49,1.3,1.45,4.73,0,29.63,-51.94
18/01/2030 16:00,0,0,9.45,13.44,1.72,1.51,0,0,26.12,-52.28
18/01/2030 17:00,0,0,10.11,12.77,1.56,1.47,0,0,25.91,-52.62
18/01/2030 18:00,0,0,10.2,10.87,1.51,1.61,4.32,2.77,31.27,-52.97
18/01/2030 19:00,0,0,9.88,12.11,1.54,1.45,2.01,0,26.99,-53.32
18/01/2030 20:00,0,0,10,12.19,1.51,1.57,0,0,25.27,-53.68
18/01/2030 21:00,0,0,9.65,10.62,1.6,1.51,0,0,23.38,-54.04
18/01/2030 22:00,0,0,10.04,10.34,1.44,0.24,0,0,22.06,-54.4
18/01/2030 23:00,0,0,10.14,10.98,1.52,0.24,0,0,22.88,-54.77
19/01/2030 00:00,0,0,9.84,15.05,1.52,0.1,0,0,26.52,-55.14
19/01/2030 01:00,0,0,10.51,11.38,1.4,0.2,0,0,23.48,-55.52
19/01/2030 02:00,0,0,9.75,13.85,1.63,0.19,0,0,25.41,-55.9
19/01/2030 03:00,0,0,10.09,11.3,1.46,0.14,0,0,22.98,-56.28
19/01/2030 04:00,0,0,10.25,13.33,1.6,0.22,0,0,25.41,-56.67
19/01/2030 05:00,0,0,9.98,13.35,1.51,0.29,0,0,25.13,-57.06
19/01/2030 06:00,0,0,9.94,13.43,1.66,1.37,0,0,26.4,-57.46
19/01/2030 07:00,0,0,9.57,12.58,1.4,1.47,0,2.77,27.8,-57.86
19/01/2030 08:00,0,0,10.41,14.07,1.39,1.44,4.77,0,32.07,-58.26
19/01/2030 09:00,0,0,9.95,12.57,1.41,1.5,4.97,0,30.4,-58.67
19/01/2030 10:00,0,0,10.16,14.57,1.51,1.48,4.03,0,31.76,-59.08
19/01/2030 11:00,0,0,10.2,9.57,1.65,1.47,2.99,0,25.89,-59.5
19/01/2030 12:00,0,0,9.81,12.52,1.66,1.53,0,2.01,27.54,-59.92
19/01/2030 13:00,0,0,9.94,12.42,1.27,1.58,0,0,25.22,-60.34
19/01/2030 14:00,0,0,10.4,10.6,1.52,1.63,2.68,0,26.83,-60.77
19/01/2030 15:00,0,0,9.66,12.87,1.18,1.46,1.41,0,26.59,-61.2
19/01/2030 16:00,0,0,10.64,9.76,1.58,1.41,4.23,0,27.62,-61.63
19/01/2030 17:00,0,0,9.78,11.02,1.61,1.53,2.73,0,26.67,-62.07
19/01/2030 18:00,0,0,9.65,9,1.5,1.58,0,2.49,24.22,-62.51
19/01/2030 19:00,0,0,10.04,14.34,1.51,1.54,3.37,0,30.8,-62.95
19/01/2030 20:00,0,0,10.66,11.65,1.51,1.58,0,0,25.4,-63.4
19/01/2030 21:00,0,0,9.43,15.25,1.42,1.49,0,0,27.59,-63.85
19/01/2030 22:00,0,0,9.96,13.2,1.54,0.17,0,0,24.87,-64.3
19/01/2030 23:00,0,0,10.14,12.67,1.48,0.21,0,0,24.5,-64.76
20/01/2030 00:00,0,0,10.01,11.12,1.59,0.18,0,0,22.91,-65.22
20/01/2030 01:00,0,0,10.11,10.43,1.49,0.23,0,0,22.27,-65.68
20/01/2030 02:00,0,0,9.78,12.78,1.41,0.25,0,0,24.23,-66.15
20/01/2030 03:00,0,0,9.82,11.89,1.35,0.25,0,0,23.31,-66.62
20/01/2030 04:00,0,0,9.96,9.99,1.31,0.23,0,0,21.49,-67.09
20/01/2030 05:00,0,0,9.66,9.72,1.63,0.21,0,0,21.23,-67.57
20/01/2030 06:00,0,0,9.99,10.56,1.45,1.54,0,0,23.54,-68.05
20/01/2030 07:00,0,0,9.88,14.73,1.53,1.4,0,3.11,30.67,-68.53
20/01/2030 08:00,0,0,9.86,15.32,1.68,1.51,0,0,28.37,-69.02
20/01/2030 09:00,0,0,10.1,12.31,1.44,1.5,0,0,25.35,-69.51
20/01/2030 10:00,0,0,9.45,12.22,1.44,1.51,0,0,24.63,-70
20/01/2030 11:00,0,0,9.93,11.5,1.49,1.5,3.14,0,27.55,-70.49
20/01/2030 12:00,0,0,10.7,10.6,1.5,1.52,0,2.37,26.68,-70.99
20/01/2030 13:00,0,0,9.67,14.06,1.69,1.47,1.05,0,27.95,-71.49
20/01/2030 14:00,0,0,10.39,14.81,1.66,1.56,0,0,28.41,-71.99
20/01/2030 15:00,0,0,10.02,10.66,1.56,1.52,0,0,23.76,-72.5
20/01/2030 16:00,0,0,9.82,11.88,1.64,1.51,4.76,0,29.61,-73.01
20/01/2030 17:00,0,0,9.6,11.33,1.48,1.47,0,0,23.88,-73.52
20/01/2030 18:00,0,0,10.04,11.37,1.53,1.54,0,2.64,27.12,-74.03
20/01/2030 19:00,0,0,10.44,13.78,1.47,1.51,0,0,27.2,-74.54
20/01/2030 20:00,0,0,9.88,10.03,1.37,1.46,4.02,0,26.77,-75.06
20/01/2030 21:00,0,0,9.98,12.7,1.62,1.5,0,0,25.79,-75.58
20/01/2030 22:00,0,0,10.3,13.09,1.55,0.23,0,0,25.18,-76.11
20/01/2030 23:00,0,0,10.1,11.79,1.5,0.23,0,0,23.62,-76.63
21/01/2030 00:00,0,0,9.53,13.34,1.5,0.22,0,0,24.59,-77.16
21/01/2030 01:00,0,0,10.03,12.22,1.35,0.2,0,0,23.81,-77.69
21/01/2030 02:00,0,0,10.45,13.83,1.4,0.25,0,0,25.93,-78.22
21/01/2030 03:00,0,0,9.99,9.72,1.53,0.26,0,0,21.5,-78.76
21/01/2030 04:00,0,0,9.18,11.48,1.45,0.24,0,0,22.34,-79.29
21/01/2030 05:00,0,0,10.12,11.89,1.48,0.17,0,0,23.66,-79.83
21/01/2030 06:00,0,0,9.94,7.99,1.49,1.45,0,0,20.87,-80.37
21/01/2030 07:00,0,0,9.45,10.37,1.43,1.47,0,2.87,25.6,-80.92
21/01/2030 08:00,0,0,9.5,10.78,1.4,1.6,0,0,23.28,-81.46
21/01/2030 09:00,0,0,10.29,13.42,1.34,1.51,0,0,26.57,-82.01
21/01/2030 10:00,0,0,9.78,10.94,1.49,1.61,0,0,23.81,-82.56
21/01/2030 11:00,0,0,9.73,10.77,1.56,1.49,1.93,0,25.49,-83.11
21/01/2030 12:00,0,0,9.99,13.23,1.34,1.49,4.27,2.17,32.48,-83.66
21/01/2030 13:00,0,0,9.81,9.57,1.5,1.5,0,0,22.37,-84.22
21/01/2030 14:00,0,0,10.03,8.89,1.53,1.5,3.32,0,25.27,-84.77
21/01/2030 15:00,0,0,9.94,11.46,1.4,1.46,0,0,24.26,-85.33
21/01/2030 16:00,0,0,9.64,9.83,1.64,1.44,1.2,0,23.75,-85.89
21/01/2030 17:00,0,0,9.85,9.89,1.46,1.53,4.65,0,27.37,-86.45
21/01/2030 18:00,0,0,10.13,12.86,1.49,1.55,0,2.39,28.42,-87.02
21/01/2030 19:00,0,0,10.01,13.31,1.48,1.62,1.26,0,27.69,-87.58
21/01/2030 20:00,0,0,9.98,13.18,1.32,1.48,0,0,25.96,-88.15
21/01/2030 21:00,0,0,10.58,13.66,1.6,1.48,0,0,27.33,-88.71
21/01/2030 22:00,0,0,10.22,13.86,1.4,0.16,0,0,25.65,-89.28
21/01/2030 23:00,0,0,10.26,8.81,1.48,0.26,0,0,20.8,-89.85
22/01/2030 00:00,0,0,9.95,12.68,1.56,0.24,0,0,24.43,-90.42
22/01/2030 01:00,0,0,10.07,11.21,1.65,0.16,0,0,23.07,-91
22/01/2030 02:00,0,0,9.87,10.88,1.39,0.15,0,0,22.3,-91.57
22/01/2030 03:00,0,0,10.23,12.84,1.46,0.25,0,0,24.78,-92.15
22/01/2030 04:00,0,0,9.97,9.4,1.64,0.22,0,0,21.23,-92.72
22/01/2030 05:00,0,0,10.07,9.37,1.55,0.24,0,0,21.22,-93.3
22/01/2030 06:00,0,0,10.05,12.95,1.57,1.46,0,0,26.02,-93.88
22/01/2030 07:00,0,0,9.99,12.73,1.39,1.41,0,2.03,27.56,-94.46
22/01/2030 08:00,0,0,10.88,12.21,1.46,1.46,0,0,26,-95.04
22/01/2030 09:00,0,0,9.8,10.68,1.48,1.53,0,0,23.5,-95.62
22/01/2030 10:00,0,0,9.8,13.12,1.41,1.61,1.49,0,27.42,-96.2
22/01/2030 11:00,0,0,10.21,13.02,1.33,1.48,0,0,26.04,-96.78
22/01/2030 12:00,0,0,9.82,12.13,1.45,1.61,1.9,2.53,29.44,-97.37
22/01/2030 13:00,0,0,9.91,10.23,1.64,1.54,0,0,23.32,-97.95
22/01/2030 14:00,0,0,9.67,11.36,1.51,1.43,0,0,23.97,-98.54
22/01/2030 15:00,0,0,10.15,13.26,1.64,1.51,0,0,26.55,-99.12
22/01/2030 16:00,0,0,10.15,13.99,1.52,1.54,0,0,27.2,-99.71
22/01/2030 17:00,0,0,9.91,19.35,1.42,1.38,1.08,0,33.13,-100.3
22/01/2030 18:00,0,0,10.21,19.5,1.63,1.53,3.34,2.62,38.83,-100.88
22/01/2030 19:00,0,0,9.44,19.68,1.52,1.56,4.54,0,36.74,-101.47
22/01/2030 20:00,0,0,9.79,20.55,1.6,1.52,3.09,0,36.54,-102.06
22/01/2030 21:00,0,0,9.95,18.84,1.39,1.5,0,0,31.68,-102.65
22/01/2030 22:00,0,0,9.65,14.21,1.6,0.19,0,0,25.66,-103.24
22/01/2030 23:00,0,0,9.48,22.39,1.61,0.19,0,0,33.66,-103.82
23/01/2030 00:00,0,0,9.91,23.59,1.53,0.14,0,0,35.17,-104.41
23/01/2030 01:00,0,0,10.21,18.78,1.42,0.17,0,0,30.57,-105
23/01/2030 02:00,0,0,10.38,17.87,1.5,0.18,0,0,29.93,-105.59
23/01/2030 03:00,0,0,9.84,19.73,1.56,0.21,0,0,31.33,-106.18
23/01/2030 04:00,0,0,10.22,19.62,1.52,0.17,0,0,31.54,-106.77
23/01/2030 05:00,0,0,10.19,21.99,1.56,0.16,0,0,33.9,-107.36
23/01/2030 06:00,0,0,10.37,20.11,1.6,1.54,0,0,33.61,-107.95
23/01/2030 07:00,0,0,9.89,18.41,1.44,1.52,0,2.69,33.96,-108.54
23/01/2030 08:00,0,0,9.46,17.36,1.38,1.47,3.42,0,33.1,-109.13
23/01/2030 09:00,0,0,10.02,21.73,1.5,1.53,4.49,0,39.26,-109.72
23/01/2030 10:00,0,0,9.7,21.2,1.47,1.48,3.8,0,37.64,-110.31
23/01/2030 11:00,0,0,9.78,22.12,1.58,1.5,0,0,34.99,-110.89
23/01/2030 12:00,0,0,9.91,18.06,1.39,1.55,3.49,2.97,37.38,-111.48
23/01/2030 13:00,0,0,9.9,23.68,1.6,1.47,4.59,0,41.24,-112.07
23/01/2030 14:00,0,0,10.04,16.51,1.64,1.44,0,0,29.63,-112.66
23/01/2030 15:00,0,0,10.21,21.42,1.5,1.49,1.33,0,35.95,-113.24
23/01/2030 16:00,0,0,9.89,16.18,1.51,1.43,4.95,0,33.96,-113.83
23/01/2030 17:00,0,0,10.12,18.42,1.42,1.49,3.69,0,35.14,-114.42
23/01/2030 18:00,0,0,10,23.12,1.45,1.49,0,2.52,38.58,-115
23/01/2030 19:00,0,0,10.28,21.66,1.46,1.38,0,0,34.78,-115.59
23/01/2030 20:00,0,0,9.94,18.91,1.64,1.53,1.91,0,33.93,-116.17
23/01/2030 21:00,0,0,9.98,18.96,1.49,1.49,0,0,31.92,-116.75
23/01/2030 22:00,0,0,9.89,20.2,1.37,0.26,0,0,31.72,-117.33
23/01/2030 23:00,0,0,9.95,21.03,1.53,0.21,0,0,32.72,-117.92
24/01/2030 00:00,0,0,9.76,22.5,1.58,0.24,0,0,34.09,-118.5
24/01/2030 01:00,0,0,9.74,19.09,1.5,0.26,0,0,30.58,-119.08
24/01/2030 02:00,0,0,10.23,16.78,1.65,0.19,0,0,28.85,-119.65
24/01/2030 03:00,0,0,9.68,20.31,1.58,0.2,0,0,31.77,-120.23
24/01/2030 04:00,0,0,9.9,19.09,1.4,0.12,0,0,30.51,-120.81
24/01/2030 05:00,0,0,10.3,17.4,1.44,0.26,0,0,29.41,-121.38
24/01/2030 06:00,0,0,9.89,20.6,1.52,1.49,0,0,33.5,-121.96
24/01/2030 07:00,0,0,10.25,19.57,1.33,1.45,0,2.15,34.76,-122.53
24/01/2030 08:00,0,0,9.82,20.61,1.53,1.54,1.38,0,34.89,-123.1
24/01/2030 09:00,0,0,9.68,18.21,1.32,1.39,1.35,0,31.96,-123.67
24/01/2030 10:00,0,0,9.52,20.97,1.6,1.48,2.59,0,36.17,-124.24
24/01/2030 11:00,0,0,10.39,17.37,1.59,1.55,2.26,0,33.16,-124.81
24/01/2030 12:00,0,0,9.66,18.34,1.55,1.48,2.65,2.24,35.92,-125.37
24/01/2030 13:00,0,0,10.22,19.51,1.43,1.46,3.79,0,36.42,-125.94
24/01/2030 14:00,0,0,9.7,23.48,1.52,1.48,4.79,0,40.97,-126.5
24/01/2030 15:00,0,0,10.4,21.57,1.45,1.4,4.77,0,39.58,-127.06
24/01/2030 16:00,0,0,10.66,22.15,1.4,1.54,0,0,35.75,-127.62
24/01/2030 17:00,0,0,9.49,22.83,1.47,1.49,0,0,35.29,-128.18
24/01/2030 18:00,0,0,9.67,27.21,1.57,1.49,0,2.27,42.21,-128.74
24/01/2030 19:00,0,0,10.23,20.08,1.5,1.49,1.71,0,35.02,-129.29
24/01/2030 20:00,0,0,10.15,22.84,1.65,1.5,1.98,0,38.12,-129.85
24/01/2030 21:00,0,0,10.23,22.03,1.58,1.53,0,0,35.37,-130.4
24/01/2030 22:00,0,0,9.83,21.99,1.57,0.2,0,0,33.58,-130.95
24/01/2030 23:00,0,0,10.6,23.55,1.34,0.13,0,0,35.62,-131.49
25/01/2030 00:00,0,0,10.04,19.16,1.47,0.23,0,0,30.9,-132.04
25/01/2030 01:00,0,0,9.63,19,1.39,0.22,0,0,30.26,-132.58
25/01/2030 02:00,0,0,9.92,20.64,1.48,0.21,0,0,32.26,-133.12
25/01/2030 03:00,0,0,9.64,19.63,1.43,0.25,0,0,30.96,-133.66
25/01/2030 04:00,0,0,10.48,20.64,1.46,0.2,0,0,32.78,-134.2
25/01/2030 05:00,0,0,9.8,23.13,1.61,0.26,0,0,34.79,-134.73
25/01/2030 06:00,0,0,10.15,19.04,1.55,1.57,0,0,32.31,-135.27
25/01/2030 07:00,0,0,9.86,19.39,1.6,1.53,0,2.56,34.94,-135.8
25/01/2030 08:00,0,0,9.82,20.35,1.34,1.46,3.3,0,36.27,-136.33
25/01/2030 09:00,0,0,9.43,19.54,1.51,1.49,2.53,0,34.5,-136.85
25/01/2030 10:00,0,0,10.18,16.17,1.6,1.56,3.43,0,32.94,-137.37
25/01/2030 11:00,0,0,10.39,18.84,1.65,1.43,0,0,32.31,-137.9
25/01/2030 12:00,0,0,9.73,21.37,1.35,1.48,2.7,3.2,39.83,-138.41
25/01/2030 13:00,0,0,9.54,22.88,1.46,1.48,4.14,0,39.5,-138.93
25/01/2030 14:00,0,0,10.24,17.69,1.6,1.46,4.84,0,35.83,-139.44
25/01/2030 15:00,0,0,9.51,17.68,1.48,1.54,2.25,0,32.46,-139.95
25/01/2030 16:00,0,0,10.37,20.06,1.41,1.52,0,0,33.35,-140.46
25/01/2030 17:00,0,0,9.73,15.85,1.35,1.46,0,0,28.39,-140.97
25/01/2030 18:00,0,0,9.67,19.11,1.41,1.53,0,2.48,34.19,-141.47
25/01/2030 19:00,0,0,10.07,16.53,1.33,1.49,3.99,0,33.42,-141.97
25/01/2030 20:00,0,0,9.69,22.74,1.51,1.46,2.55,0,37.94,-142.47
25/01/2030 21:00,0,0,9.79,18.46,1.59,1.46,0,0,31.3,-142.96
25/01/2030 22:00,0,0,10.11,23.31,1.37,0.22,0,0,35.01,-143.45
25/01/2030 23:00,0,0,9.27,22.23,1.53,0.25,0,0,33.27,-143.94
26/01/2030 00:00,0,0,10.49,18.71,1.58,0.18,0,0,30.96,-144.43
26/01/2030 01:00,0,0,10.01,17.86,1.5,0.23,0,0,29.6,-144.91
26/01/2030 02:00,0,0,9.61,19.61,1.34,0.28,0,0,30.84,-145.39
26/01/2030 03:00,0,0,9.69,19.79,1.54,0.14,0,0,31.16,-145.87
26/01/2030 04:00,0,0,10.3,20.69,1.49,0.22,0,0,32.7,-146.34
26/01/2030 05:00,0,0,10.18,18.45,1.48,0.24,0,0,30.35,-146.81
26/01/2030 06:00,0,0,10.42,21.49,1.45,1.5,0,0,34.85,-147.28
26/01/2030 07:00,0,0,9.8,20.53,1.51,1.56,0,2.91,36.31,-147.74
26/01/2030 08:00,0,0,10.09,19.32,1.55,1.61,3.09,0,35.66,-148.2
26/01/2030 09:00,0,0,10.13,18.58,1.74,1.52,0,0,31.96,-148.66
26/01/2030 10:00,0,0,10.21,19.63,1.51,1.49,4.75,0,37.59,-149.12
26/01/2030 11:00,0,0,10.34,18.37,1.65,1.55,1.27,0,33.17,-149.57
26/01/2030 12:00,0,0,9.78,20.12,1.54,1.54,0,2.47,35.45,-150.01
26/01/2030 13:00,0,0,9.97,20.17,1.49,1.37,0,0,33,-150.46
26/01/2030 14:00,0,0,9.82,20.52,1.51,1.5,0,0,33.36,-150.9
26/01/2030 15:00,0,0,9.98,23.53,1.38,1.48,0,0,36.37,-151.34
26/01/2030 16:00,0,0,10.21,19.74,1.53,1.52,4.91,0,37.91,-151.77
26/01/2030 17:00,0,0,9.5,22.01,1.3,1.49,0,0,34.3,-152.2
26/01/2030 18:00,0,0,10.33,20.46,1.41,1.5,3.24,2.15,39.09,-152.63
26/01/2030 19:00,0,0,9.66,19.52,1.51,1.46,2.77,0,34.92,-153.05
26/01/2030 20:00,0,0,9.91,19.76,1.62,1.54,0,0,32.83,-153.47
26/01/2030 21:00,0,0,10.37,19.88,1.64,1.58,0,0,33.48,-153.88
26/01/2030 22:00,0,0,10.1,20.56,1.48,0.16,0,0,32.29,-154.3
26/01/2030 23:00,0,0,10.1,18.08,1.52,0.13,0,0,29.83,-154.7
27/01/2030 00:00,0,0,9.65,17.07,1.6,0.2,0,0,28.51,-155.11
27/01/2030 01:00,0,0,9.69,21.31,1.37,0.2,0,0,32.56,-155.51
27/01/2030 02:00,0,0,10.28,21.8,1.54,0.26,0,0,33.88,-155.9
27/01/2030 03:00,0,0,9.82,21.49,1.42,0.14,0,0,32.87,-156.3
27/01/2030 04:00,0,0,9.85,20.31,1.48,0.17,0,0,31.82,-156.69
27/01/2030 05:00,0,0,10.29,21.53,1.45,0.1,0,0,33.38,-157.07
27/01/2030 06:00,0,0,9.69,21.43,1.54,1.57,0,0,34.22,-157.45
27/01/2030 07:00,0,0,10.08,21.58,1.56,1.51,0,2.26,36.98,-157.83
27/01/2030 08:00,0,0,10.01,18.28,1.59,1.48,3.51,0,34.87,-158.2
27/01/2030 09:00,0,0,10,17.81,1.53,1.43,3.11,0,33.88,-158.57
27/01/2030 10:00,0,0,9.84,19.22,1.52,1.44,0,0,32.02,-158.94
27/01/2030 11:00,0,0,9.83,19.97,1.69,1.52,2.57,0,35.57,-159.3
27/01/2030 12:00,0,0,9.68,19.52,1.35,1.44,0,2.28,34.27,-159.65
27/01/2030 13:00,0,0,10.14,16.25,1.67,1.51,0,0,29.57,-160
27/01/2030 14:00,0,0,9.8,23.44,1.47,1.6,1.89,0,38.21,-160.35
27/01/2030 15:00,0,0,10.29,19.45,1.56,1.48,4.1,0,36.88,-160.7
27/01/2030 16:00,0,0,9.93,20.35,1.47,1.45,0,0,33.2,-161.04
27/01/2030 17:00,0,0,9.68,22.49,1.43,1.52,3.65,0,38.77,-161.37
27/01/2030 18:00,0,0,9.93,15.31,1.55,1.44,1.09,2.46,31.78,-161.7
27/01/2030 19:00,0,0,9.88,18.98,1.6,1.59,1.9,0,33.94,-162.03
27/01/2030 20:00,0,0,10.3,19.23,1.55,1.57,3.92,0,36.57,-162.35
27/01/2030 21:00,0,0,9.89,19.33,1.45,1.49,0,0,32.15,-162.67
27/01/2030 22:00,0,0,9.92,19.65,1.86,0.16,0,0,31.59,-162.98
27/01/2030 23:00,0,0,10.42,22.89,1.62,0.18,0,0,35.12,-163.29
28/01/2030 00:00,0,0,10.15,21.35,1.59,0.19,0,0,33.28,-163.6
28/01/2030 01:00,0,0,10.5,21.92,1.46,0.22,0,0,34.1,-163.9
28/01/2030 02:00,0,0,10.38,20.09,1.44,0.25,0,0,32.16,-164.19
28/01/2030 03:00,0,0,9.73,17.2,1.47,0.15,0,0,28.56,-164.48
28/01/2030 04:00,0,0,10.3,15.84,1.61,0.25,0,0,28,-164.77
28/01/2030 05:00,0,0,10.46,16.94,1.4,0.23,0,0,29.03,-165.05
28/01/2030 06:00,0,0,10.46,20.72,1.39,1.47,0,0,34.05,-165.33
28/01/2030 07:00,0,0,10.3,20.06,1.55,1.45,0,2.62,35.98,-165.6
28/01/2030 08:00,0,0,10.29,19.58,1.53,1.51,4.19,0,37.1,-165.87
28/01/2030 09:00,0,0,9.91,19.26,1.42,1.45,0,0,32.04,-166.13
28/01/2030 10:00,0,0,9.75,24.02,1.39,1.55,0,0,36.71,-166.39
28/01/2030 11:00,0,0,9.89,18.35,1.64,1.44,2.05,0,33.39,-166.64
28/01/2030 12:00,0,0,9.5,21.86,1.54,1.53,0,2.3,36.72,-166.89
28/01/2030 13:00,0,0,10.4,20,1.36,1.5,4.26,0,37.53,-167.14
28/01/2030 14:00,0,0,9.92,19.88,1.37,1.47,1.91,0,34.55,-167.38
28/01/2030 15:00,0,0,10.39,22.35,1.46,1.49,0,0,35.7,-167.61
28/01/2030 16:00,0,0,9.63,22.93,1.57,1.55,0,0,35.68,-167.84
28/01/2030 17:00,0,0,10.32,19.52,1.56,1.44,1.44,0,34.29,-168.07
28/01/2030 18:00,0,0,9.85,21.6,1.61,1.48,0,2.74,37.28,-168.29
28/01/2030 19:00,0,0,9.61,20.73,1.35,1.46,1.16,0,34.32,-168.5
28/01/2030 20:00,0,0,10.49,20.01,1.52,1.5,2.87,0,36.39,-168.71
28/01/2030 21:00,0,0,10.33,20.41,1.64,1.47,0,0,33.85,-168.92
28/01/2030 22:00,0,0,10.06,18.62,1.63,0.11,0,0,30.43,-169.12
28/01/2030 23:00,0,0,10.01,19.39,1.54,0.15,0,0,31.08,-169.32
29/01/2030 00:00,0,0,10.13,18.84,1.73,0.28,0,0,30.99,-169.51
29/01/2030 01:00,0,0,10.06,21.8,1.56,0.21,0,0,33.63,-169.69
29/01/2030 02:00,0,0,9.76,19.81,1.6,0.21,0,0,31.39,-169.87
29/01/2030 03:00,0,0,9.88,17.4,1.5,0.19,0,0,28.97,-170.05
29/01/2030 04:00,0,0,10.59,18.55,1.42,0.2,0,0,30.76,-170.22
29/01/2030 05:00,0,0,10.8,13.6,1.41,0.18,0,0,25.99,-170.39
29/01/2030 06:00,0,0,10.47,19.01,1.52,1.53,0,0,32.52,-170.55
29/01/2030 07:00,0,0,10.14,20.08,1.48,1.51,0,2.81,36.02,-170.7
29/01/2030 08:00,0,0,9.9,19.73,1.32,1.44,3.03,0,35.42,-170.86
29/01/2030 09:00,0,0,9.76,23.96,1.4,1.51,0,0,36.63,-171
29/01/2030 10:00,0,0,9.78,21.15,1.47,1.38,0,0,33.78,-171.14
29/01/2030 11:00,0,0,9.83,21.06,1.57,1.52,0,0,33.99,-171.28
29/01/2030 12:00,0,0,10.65,16.71,1.5,1.43,1.34,2.42,34.05,-171.41
29/01/2030 13:00,0,0,10.54,19.27,1.49,1.5,0,0,32.8,-171.54
29/01/2030 14:00,0,0,10.22,19.03,1.4,1.44,4.1,0,36.19,-171.66
29/01/2030 15:00,0,0,9.71,18.43,1.5,1.5,4.04,0,35.18,-171.77
29/01/2030 16:00,0,0,10.27,18.4,1.63,1.53,0,0,31.83,-171.88
29/01/2030 17:00,0,0,9.93,16.38,1.52,1.58,1.96,0,31.36,-171.99
29/01/2030 18:00,0,0,9.35,17.45,1.35,1.42,2.97,2.78,35.32,-172.09
29/01/2030 19:00,0,0,10.09,21.75,1.37,1.55,3.69,0,38.45,-172.18
29/01/2030 20:00,0,0,9.75,19.71,1.56,1.51,2.29,0,34.82,-172.27
29/01/2030 21:00,0,0,9.76,18.99,1.48,1.48,0,0,31.7,-172.36
29/01/2030 22:00,0,0,9.92,19.99,1.49,0.24,0,0,31.64,-172.43
29/01/2030 23:00,0,0,9.85,22.33,1.44,0.19,0,0,33.81,-172.51
30/01/2030 00:00,0,0,9.99,20.01,1.55,0.24,0,0,31.78,-172.58
30/01/2030 01:00,0,0,9.98,21.08,1.47,0.15,0,0,32.68,-172.64
30/01/2030 02:00,0,0,9.44,18.31,1.48,0.17,0,0,29.39,-172.7
30/01/2030 03:00,0,0,10.46,18.76,1.41,0.25,0,0,30.88,-172.75
30/01/2030 04:00,0,0,9.7,20.71,1.59,0.27,0,0,32.28,-172.8
30/01/2030 05:00,0,0,9.71,23.79,1.48,0.2,0,0,35.18,-172.84
30/01/2030 06:00,0,0,9.9,22.86,1.56,1.36,0,0,35.68,-172.88
30/01/2030 07:00,0,0,9.97,21.17,1.38,1.49,0,1.92,35.92,-172.91
30/01/2030 08:00,0,0,10.44,20.3,1.67,1.5,3.17,0,37.09,-172.94
30/01/2030 09:00,0,0,10.08,22.8,1.63,1.49,3.83,0,39.83,-172.96
30/01/2030 10:00,0,0,10.17,21.59,1.31,1.52,0,0,34.59,-172.98
30/01/2030 11:00,0,0,10.08,15.41,1.42,1.48,1.72,0,30.11,-172.99
30/01/2030 12:00,0,0,10.07,17.89,1.55,1.54,0,1.79,32.84,-173
30/01/2030 13:00,3.38,0.000676,10.09,12.51,1.37,1.44,1.17,0,26.58,-39.59
30/01/2030 14:00,15.44,0.003089,9.42,9.32,1.49,1.56,0,0,21.79,-38.1
30/01/2030 15:00,27.51,0.005502,9.93,10.65,1.54,1.58,1.69,0,25.39,-36.62
30/01/2030 16:00,39.57,0.007914,10.35,10.95,1.48,1.45,0,0,24.23,-35.14
30/01/2030 17:00,51.63,0.010326,11.18,11.62,1.55,1.45,4.61,0,30.42,-33.66
30/01/2030 18:00,63.69,0.012737,9.64,11.57,1.43,1.52,4.28,2.75,31.19,-32.19
30/01/2030 19:00,75.74,0.015147,10.13,11.57,1.28,1.44,1.31,0,25.72,-30.71
30/01/2030 20:00,87.78,0.017556,9.83,13.24,1.6,1.48,0,0,26.14,-29.23
30/01/2030 21:00,99.82,0.019963,10.61,11.6,1.6,1.56,0,0,25.37,-27.75
30/01/2030 22:00,111.85,0.022369,9.59,11.42,1.75,0.24,0,0,23,-26.28
30/01/2030 23:00,123.87,0.024773,10.19,9.98,1.28,0.3,0,0,21.74,-24.8
31/01/2030 00:00,135.88,0.027176,9.58,13.54,1.58,0.21,0,0,24.9,-23.33
31/01/2030 01:00,147.88,0.029576,9.9,10.99,1.3,0.17,0,0,22.37,-21.85
31/01/2030 02:00,159.87,0.031973,9.99,10.37,1.68,0.2,0,0,22.24,-20.38
31/01/2030 03:00,171.84,0.034369,10.32,12.32,1.55,0.19,0,0,24.38,-18.91
31/01/2030 04:00,183.81,0.036761,9.68,10.85,1.4,0.19,0,0,22.12,-17.45
31/01/2030 05:00,195.75,0.039151,10.2,11.21,1.58,0.2,0,0,23.19,-15.98
31/01/2030 06:00,207.69,0.041537,10.01,12.39,1.44,1.45,0,0,25.29,-14.52
31/01/2030 07:00,219.6,0.04392,10.08,11.51,1.53,1.51,0,2.37,27.01,-13.05
31/01/2030 08:00,231.5,0.0463,10.29,15.47,1.52,1.43,0,0,28.71,-11.59
31/01/2030 09:00,243.38,0.048676,9.62,11.89,1.67,1.46,3.9,0,28.54,-10.14
31/01/2030 10:00,255.24,0.051049,10.24,12.93,1.68,1.49,4.02,0,30.37,-8.68
31/01/2030 11:00,267.09,0.053417,9.83,9.09,1.44,1.39,0,0,21.74,-7.23
31/01/2030 12:00,278.91,0.055781,10.33,10.71,1.61,1.54,1.71,3.16,29.05,-5.78
31/01/2030 13:00,290.71,0.058141,10.1,10.37,1.54,1.4,4.73,0,28.13,-4.33
31/01/2030 14:00,302.48,0.060496,9.94,10.57,1.36,1.53,3.52,0,26.92,-2.88
31/01/2030 15:00,314.23,0.062847,9.82,12.62,1.43,1.44,3.84,0,29.15,-1.44
31/01/2030 16:00,325.96,0.065192,10.25,13.55,1.73,1.48,0,0,27.01,0
31/01/2030 17:00,337.66,0.067533,10.38,5.34,1.54,1.53,0,0,18.78,1.43
31/01/2030 18:00,349.34,0.069868,9.84,4.77,1.6,1.61,0,2.47,20.3,2.87
31/01/2030 19:00,360.99,0.072197,9.66,4.37,1.48,1.51,2.05,0,19.06,4.29
31/01/2030 20:00,372.61,0.074521,10.21,6.11,1.45,1.4,0,0,19.17,5.72
31/01/2030 21:00,384.2,0.076839,9.57,7.07,1.5,1.55,0,0,19.69,7.14
31/01/2030 22:00,395.76,0.079151,9.61,5.14,1.47,0.19,0,0,16.41,8.56
31/01/2030 23:00,407.28,0.081457,9.68,5.94,1.35,0.2,0,0,17.17,9.98
01/02/2030 00:00,418.78,0.083756,9.88,5.34,1.4,0.23,0,0,16.85,11.39
01/02/2030 01:00,430.25,0.086049,9.6,5.76,1.57,0.1,0,0,17.03,12.79
01/02/2030 02:00,441.68,0.088335,9.42,3.84,1.46,0.2,0,0,14.92,14.2
01/02/2030 03:00,453.07,0.090614,9.66,4.51,1.5,0.18,0,0,15.85,15.59
01/02/2030 04:00,464.43,0.092886,10.19,5.4,1.52,0.26,0,0,17.37,16.99
01/02/2030 05:00,475.75,0.095151,9.62,6.21,1.53,0.24,0,0,17.6,18.38
01/02/2030 06:00,487.04,0.097408,9.9,4.18,1.61,1.42,0,0,17.11,19.76
01/02/2030 07:00,498.29,0.099658,10.58,3,1.39,1.56,0,2.2,18.74,21.14
01/02/2030 08:00,509.5,0.101899,9.99,4.5,1.56,1.52,3.88,0,21.45,22.52
01/02/2030 09:00,520.66,0.104133,10.1,6.01,1.58,1.42,0,0,19.11,23.89
01/02/2030 10:00,531.79,0.106358,9.72,3.42,1.6,1.5,0,0,16.23,25.25
01/02/2030 11:00,542.88,0.108576,10.65,3.82,1.36,1.55,1.86,0,19.24,26.61
01/02/2030 12:00,553.92,0.110784,9.84,5.16,1.53,1.44,0,3.01,20.96,27.97
01/02/2030 13:00,564.92,0.112984,9.93,4.88,1.67,1.57,3.65,0,21.71,29.32
01/02/2030 14:00,575.88,0.115175,10.4,5.59,1.49,1.42,2.55,0,21.45,30.66
01/02/2030 15:00,586.79,0.117357,9.95,3.77,1.55,1.46,4.79,0,21.52,32
01/02/2030 16:00,597.65,0.11953,10.01,4.68,1.58,1.45,3.25,0,20.97,33.33
01/02/2030 17:00,608.47,0.121693,9.92,6.2,1.4,1.57,0,0,19.08,34.66
01/02/2030 18:00,619.24,0.123847,9.92,3.81,1.68,1.48,0,2.7,19.58,35.98
01/02/2030 19:00,629.96,0.125991,10.11,6.48,1.55,1.44,0,0,19.58,37.3
01/02/2030 20:00,640.63,0.128125,10.17,3.93,1.55,1.52,4.39,0,21.56,38.61
01/02/2030 21:00,651.25,0.130249,9.81,5.85,1.33,1.53,0,0,18.52,39.91
01/02/2030 22:00,661.82,0.132363,9.77,4.63,1.58,0.23,0,0,16.21,41.21
01/02/2030 23:00,672.33,0.134467,9.82,3.86,1.55,0.19,0,0,15.41,42.5
02/02/2030 00:00,682.8,0.13656,9.58,4.5,1.66,0.21,0,0,15.96,43.78
02/02/2030 01:00,693.21,0.138642,9.52,5.54,1.47,0.17,0,0,16.7,45.06
02/02/2030 02:00,703.56,0.140713,10.09,4.99,1.4,0.28,0,0,16.77,46.33
02/02/2030 03:00,713.87,0.142773,10.28,6.12,1.43,0.26,0,0,18.09,47.59
02/02/2030 04:00,724.11,0.144822,10.26,6.44,1.45,0.25,0,0,18.4,48.85
02/02/2030 05:00,734.3,0.14686,9.29,3.82,1.39,0.24,0,0,14.73,50.1
02/02/2030 06:00,744.43,0.148886,9.93,3.74,1.63,1.53,0,0,16.83,51.34
02/02/2030 07:00,754.5,0.1509,9.67,3.7,1.63,1.44,0,2.96,19.4,52.58
02/02/2030 08:00,764.51,0.152902,10.04,4.1,1.48,1.53,4.24,0,21.4,53.81
02/02/2030 09:00,774.46,0.154893,9.87,6.1,1.46,1.51,0,0,18.95,55.03
02/02/2030 10:00,784.36,0.156871,10.18,5.56,1.32,1.56,2.64,0,21.26,56.24
02/02/2030 11:00,794.19,0.158837,9.99,4.45,1.57,1.54,0,0,17.56,57.45
02/02/2030 12:00,803.95,0.160791,9.43,4.99,1.67,1.53,4.02,2.32,23.96,58.65
02/02/2030 13:00,813.66,0.162731,9.71,6.4,1.44,1.42,4.66,0,23.63,59.84
02/02/2030 14:00,823.3,0.16466,10,6.91,1.49,1.5,3.3,0,23.19,61.02
02/02/2030 15:00,832.87,0.166575,10.03,5.26,1.54,1.47,2.08,0,20.38,62.2
02/02/2030 16:00,842.38,0.168477,9.58,3,1.67,1.51,2.95,0,18.71,63.36
02/02/2030 17:00,851.83,0.170365,9.54,5.3,1.52,1.48,4.55,0,22.39,64.52
02/02/2030 18:00,861.2,0.172241,10.02,5.93,1.52,1.49,4.09,2.61,25.66,65.67
02/02/2030 19:00,870.51,0.174103,9.58,5.22,1.52,1.52,3.1,0,20.94,66.82
02/02/2030 20:00,879.75,0.175951,9.5,5.73,1.36,1.48,3.43,0,21.49,67.95
02/02/2030 21:00,888.93,0.177785,9.87,5.36,1.36,1.51,0,0,18.08,69.07
02/02/2030 22:00,898.03,0.179605,9.85,3.77,1.42,0.12,0,0,15.16,70.19
02/02/2030 23:00,907.06,0.181412,9.74,4.11,1.6,0.16,0,0,15.61,71.3
03/02/2030 00:00,916.02,0.183204,9.79,4.68,1.47,0.23,0,0,16.17,72.4
03/02/2030 01:00,924.91,0.184981,10,6.07,1.45,0.14,0,0,17.66,73.49
03/02/2030 02:00,933.72,0.186744,9.78,4.23,1.45,0.26,0,0,15.73,74.57
03/02/2030 03:00,942.46,0.188493,10.02,5.46,1.49,0.25,0,0,17.21,75.64
03/02/2030 04:00,951.13,0.190226,9.89,5.3,1.67,0.19,0,0,17.05,76.71
03/02/2030 05:00,959.72,0.191945,10.05,6.59,1.48,0.35,0,0,18.47,77.76
03/02/2030 06:00,968.24,0.193648,10.26,4.96,1.42,1.56,0,0,18.21,78.81
03/02/2030 07:00,976.68,0.195337,10.25,3.25,1.5,1.45,0,2.24,18.69,79.84
03/02/2030 08:00,985.05,0.197009,10.39,10.97,1.68,1.54,1.66,0,26.23,80.87
03/02/2030 09:00,993.33,0.198667,10.25,13.21,1.45,1.5,1.27,0,27.68,81.89
03/02/2030 10:00,1001.54,0.200309,10.07,11.07,1.38,1.46,1.06,0,25.04,82.89
03/02/2030 11:00,1009.67,0.201935,9.87,8.82,1.45,1.45,3.72,0,25.3,83.89
03/02/2030 12:00,1017.73,0.203545,9.88,8.38,1.51,1.55,2.37,1.98,25.67,84.88
03/02/2030 13:00,1025.7,0.205139,9.74,8.57,1.57,1.47,3.3,0,24.65,85.86
03/02/2030 14:00,1033.59,0.206717,10,13,1.6,1.49,3.71,0,29.81,86.83
03/02/2030 15:00,1041.4,0.208279,10.21,9.51,1.4,1.45,0,0,22.57,87.78
03/02/2030 16:00,1049.12,0.209825,9.78,9.01,1.4,1.46,2.1,0,23.76,88.73
03/02/2030 17:00,1056.77,0.211354,9.99,9.76,1.47,1.49,2.01,0,24.72,89.67
03/02/2030 18:00,1064.33,0.212866,9.8,9.52,1.57,1.52,0,2.72,25.13,90.6
03/02/2030 19:00,1071.81,0.214362,10.06,12.35,1.37,1.37,0,0,25.16,91.52
03/02/2030 20:00,1079.2,0.215841,9.84,8.48,1.44,1.5,4.86,0,26.11,92.42
03/02/2030 21:00,1086.51,0.217302,9.78,11.77,1.44,1.46,0,0,24.45,93.32
03/02/2030 22:00,1093.74,0.218747,9.8,10.18,1.59,0.27,0,0,21.84,94.21
03/02/2030 23:00,1100.87,0.220175,10.15,11.81,1.55,0.35,0,0,23.86,95.08
04/02/2030 00:00,1107.92,0.221585,9.97,12.37,1.59,0.18,0,0,24.12,95.95
04/02/2030 01:00,1114.89,0.222978,9.87,10.13,1.63,0.11,0,0,21.75,96.8
04/02/2030 02:00,1121.77,0.224353,10.08,9.53,1.47,0.21,0,0,21.28,97.65
04/02/2030 03:00,1128.55,0.225711,9.88,10.1,1.38,0.19,0,0,21.55,98.48
04/02/2030 04:00,1135.25,0.227051,10.34,9.86,1.38,0.3,0,0,21.88,99.3
04/02/2030 05:00,1141.86,0.228373,9.71,7.51,1.32,0.28,0,0,18.82,100.11
04/02/2030 06:00,1148.38,0.229677,9.94,12.33,1.45,1.54,0,0,25.27,100.91
04/02/2030 07:00,1154.82,0.230963,9.58,10.37,1.46,1.47,0,2.36,25.24,101.7
04/02/2030 08:00,1161.16,0.232231,9.9,8.26,1.58,1.53,2.31,0,23.57,102.48
04/02/2030 09:00,1167.4,0.233481,9.5,6.9,1.5,1.51,3.17,0,22.58,103.24
04/02/2030 10:00,1173.56,0.234712,10.22,6.51,1.45,1.51,0,0,19.7,104
04/02/2030 11:00,1179.62,0.235925,10.23,11.16,1.49,1.42,0,0,24.3,104.74
04/02/2030 12:00,1185.6,0.237119,10.24,9.07,1.4,1.55,0,2.2,24.46,105.48
04/02/2030 13:00,1191.47,0.238295,10.01,9.32,1.6,1.51,3.6,0,26.03,106.2
04/02/2030 14:00,1197.26,0.239452,9.74,10.73,1.42,1.49,0,0,23.38,106.91
04/02/2030 15:00,1202.95,0.24059,9.76,9.23,1.39,1.47,2.91,0,24.75,107.61
04/02/2030 16:00,1208.55,0.241709,10.46,10.82,1.58,1.46,0,0,24.32,108.29
04/02/2030 17:00,1214.05,0.24281,10.43,10.14,1.56,1.52,0,0,23.65,108.97
04/02/2030 18:00,1219.45,0.243891,10.04,9.87,1.33,1.41,0,2.08,24.73,109.63
04/02/2030 19:00,1224.76,0.244953,9.85,7.64,1.59,1.54,1.5,0,22.11,110.28
04/02/2030 20:00,1229.98,0.245996,10.41,8.77,1.43,1.45,0,0,22.05,110.92
04/02/2030 21:00,1235.09,0.247019,9.79,10.9,1.46,1.4,0,0,23.56,111.55
04/02/2030 22:00,1240.11,0.248023,10.07,8.98,1.52,0.29,0,0,20.86,112.17
04/02/2030 23:00,1245.04,0.249007,10.41,11.81,1.56,0.16,0,0,23.93,112.77
05/02/2030 00:00,1249.86,0.249972,9.75,13.52,1.54,0.16,0,0,24.98,113.36
05/02/2030 01:00,1254.59,0.250918,10.25,10.98,1.5,0.26,0,0,22.99,113.94
05/02/2030 02:00,1259.22,0.251843,10.16,12.24,1.46,0.29,0,0,24.15,114.51
05/02/2030 03:00,1263.75,0.252749,9.99,11.08,1.54,0.12,0,0,22.73,115.07
05/02/2030 04:00,1268.17,0.253635,9.7,9.2,1.49,0.15,0,0,20.54,115.61
05/02/2030 05:00,1272.5,0.254501,9.78,10.3,1.68,0.16,0,0,21.92,116.14
05/02/2030 06:00,1276.73,0.255347,10.09,13.02,1.56,1.55,0,0,26.21,116.66
05/02/2030 07:00,1280.86,0.256173,9.57,9.21,1.41,1.58,0,2.55,24.33,117.17
05/02/2030 08:00,1284.89,0.256979,10.04,8.44,1.45,1.45,0,0,21.38,117.66
05/02/2030 09:00,1288.82,0.257764,10.16,8.3,1.5,1.57,3.34,0,24.88,118.14
05/02/2030 10:00,1292.65,0.258529,10.3,9.67,1.63,1.46,0,0,23.06,118.61
05/02/2030 11:00,1296.37,0.259274,9.58,8.49,1.64,1.52,0,0,21.23,119.07
05/02/2030 12:00,1299.99,0.259999,10.39,12.51,1.46,1.44,0,2.52,28.32,119.51
05/02/2030 13:00,1303.52,0.260703,10.51,10.32,1.41,1.49,3.92,0,27.65,119.95
05/02/2030 14:00,1306.93,0.261387,10.12,11.46,1.39,1.49,4.58,0,29.05,120.37
05/02/2030 15:00,1310.25,0.26205,9.69,9.55,1.53,1.48,3.65,0,25.9,120.77
05/02/2030 16:00,1313.46,0.262693,9.9,8.29,1.73,1.52,0,0,21.44,121.17
05/02/2030 17:00,1316.57,0.263314,9.99,8.04,1.55,1.45,0,0,21.03,121.55
05/02/2030 18:00,1319.58,0.263916,10.08,8.64,1.34,1.46,1.24,2.35,25.11,121.92
05/02/2030 19:00,1322.48,0.264496,10.01,10.52,1.43,1.52,0,0,23.48,122.27
05/02/2030 20:00,1325.28,0.265056,10.08,10.78,1.44,1.57,2.28,0,26.15,122.62
05/02/2030 21:00,1327.97,0.265595,9.97,10.9,1.42,1.5,0,0,23.79,122.95
05/02/2030 22:00,1330.56,0.266113,10.08,7.77,1.46,0.23,0,0,19.53,123.27
05/02/2030 23:00,1333.05,0.26661,9.86,10,1.54,0.24,0,0,21.64,123.57
06/02/2030 00:00,1335.43,0.267086,9.9,8.46,1.57,0.24,0,0,20.17,123.86
06/02/2030 01:00,1337.7,0.267541,9.83,10.6,1.61,0.15,0,0,22.19,124.14
06/02/2030 02:00,1339.87,0.267975,10.58,10.72,1.55,0.16,0,0,23.01,124.41
06/02/2030 03:00,1341.94,0.268388,10.44,8.24,1.3,0.17,0,0,20.15,124.66
06/02/2030 04:00,1343.9,0.26878,10.17,11.45,1.39,0.3,0,0,23.31,124.9
06/02/2030 05:00,1345.75,0.26915,10.4,13.51,1.48,0.23,0,0,25.62,125.13
06/02/2030 06:00,1347.5,0.2695,10.24,11.25,1.51,1.52,0,0,24.53,125.34
06/02/2030 07:00,1349.14,0.269829,10.05,9.76,1.59,1.52,0,2.3,25.21,125.55
06/02/2030 08:00,1350.68,0.270136,9.55,9.53,1.5,1.43,0,0,22.01,125.73
06/02/2030 09:00,1352.11,0.270422,9.92,9.69,1.51,1.6,3.84,0,26.55,125.91
06/02/2030 10:00,1353.43,0.270687,9.9,8.86,1.52,1.52,4.08,0,25.89,126.07
06/02/2030 11:00,1354.65,0.27093,9.66,10.38,1.47,1.54,0,0,23.05,126.22
06/02/2030 12:00,1355.76,0.271152,9.55,8.29,1.51,1.41,0,2.73,23.5,126.36
06/02/2030 13:00,1356.77,0.271353,10.15,7.17,1.61,1.54,0,0,20.46,126.48
06/02/2030 14:00,1357.66,0.271533,10.1,10.33,1.49,1.48,3.82,0,27.22,126.59
06/02/2030 15:00,1358.45,0.271691,9.65,10.03,1.5,1.43,0,0,22.61,126.69
06/02/2030 16:00,1359.14,0.271828,9.78,9.14,1.5,1.45,2.83,0,24.7,126.77
06/02/2030 17:00,1359.72,0.271943,10.35,8.08,1.63,1.44,0,0,21.49,126.84
06/02/2030 18:00,1360.19,0.272037,9.74,10.43,1.39,1.44,2.34,1.76,27.09,126.9
06/02/2030 19:00,1360.55,0.27211,10.05,8.51,1.68,1.5,1.01,0,22.76,126.94
06/02/2030 20:00,1360.81,0.272161,9.94,9.79,1.38,1.48,0,0,22.6,126.98
06/02/2030 21:00,1360.96,0.272191,10.15,12.65,1.43,1.52,0,0,25.75,126.99
06/02/2030 22:00,1361,0.2722,9.74,10.98,1.57,0.28,0,0,22.58,127
06/02/2030 23:00,1360.94,0.272187,10.03,7.95,1.6,0.19,0,0,19.77,126.99
07/02/2030 00:00,1360.76,0.272153,10.05,8.09,1.36,0.1,0,0,19.6,126.97
07/02/2030 01:00,1360.49,0.272097,10.07,10.23,1.39,0.19,0,0,21.88,126.94
07/02/2030 02:00,1360.1,0.27202,10.02,7.94,1.53,0.26,0,0,19.75,126.89
07/02/2030 03:00,1359.61,0.271922,10.1,7,1.73,0.2,0,0,19.03,126.83
07/02/2030 04:00,1359.01,0.271802,10.66,10.8,1.62,0.28,0,0,23.36,126.76
07/02/2030 05:00,1358.3,0.271661,10.77,10.48,1.48,0.22,0,0,22.95,126.67
07/02/2030 06:00,1357.49,0.271498,9.81,10.68,1.26,1.41,0,0,23.15,126.57
07/02/2030 07:00,1356.57,0.271315,9.3,10.39,1.51,1.51,0,2.69,25.4,126.46
07/02/2030 08:00,1355.55,0.27111,10.18,9.9,1.54,1.51,2.03,0,25.16,126.33
07/02/2030 09:00,1354.42,0.270883,10.06,9.01,1.46,1.55,0,0,22.08,126.19
07/02/2030 10:00,1353.18,0.270635,10.32,10.77,1.41,1.59,3.63,0,27.73,126.04
07/02/2030 11:00,1351.83,0.270366,10.09,12.29,1.52,1.55,0,0,25.44,125.88
07/02/2030 12:00,1350.38,0.270076,10.02,9.25,1.41,1.52,0,2.64,24.83,125.7
07/02/2030 13:00,1348.82,0.269765,10.34,8.47,1.69,1.53,0,0,22.03,125.51
07/02/2030 14:00,1347.16,0.269432,10.38,8.3,1.65,1.49,1.32,0,23.14,125.3
07/02/2030 15:00,1345.39,0.269078,9.58,8.7,1.57,1.43,1.14,0,22.42,125.08
07/02/2030 16:00,1343.52,0.268703,9.76,10.3,1.51,1.5,2.58,0,25.65,124.85
07/02/2030 17:00,1341.53,0.268307,9.97,6.79,1.43,1.52,2.2,0,21.91,124.61
07/02/2030 18:00,1339.45,0.26789,10.03,10.66,1.5,1.44,2.34,2.13,28.1,124.36
07/02/2030 19:00,1337.26,0.267451,9.93,10.97,1.66,1.57,3.6,0,27.73,124.09
07/02/2030 20:00,1334.96,0.266992,10.13,7.3,1.59,1.55,0,0,20.57,123.8
07/02/2030 21:00,1332.56,0.266512,10.3,8.53,1.52,1.43,0,0,21.78,123.51
07/02/2030 22:00,1330.05,0.266011,10.52,10.12,1.59,0.27,0,0,22.5,123.2
07/02/2030 23:00,1327.44,0.265488,10.17,9.78,1.55,0.18,0,0,21.7,122.88
08/02/2030 00:00,1324.73,0.264945,9.74,10.78,1.54,0.16,0,0,22.22,122.55
08/02/2030 01:00,1321.91,0.264382,9.96,9.79,1.6,0.25,0,0,21.6,122.2
08/02/2030 02:00,1318.99,0.263797,9.98,11.9,1.55,0.2,0,0,23.62,121.84
08/02/2030 03:00,1315.96,0.263192,10.15,9.52,1.59,0.29,0,0,21.55,121.47
08/02/2030 04:00,1312.83,0.262566,10.12,8.53,1.52,0.16,0,0,20.32,121.09
08/02/2030 05:00,1309.59,0.261919,10.62,8.4,1.47,0.11,0,0,20.61,120.69
08/02/2030 06:00,1306.26,0.261252,9.86,11.1,1.45,1.49,0,0,23.9,120.28
08/02/2030 07:00,1302.82,0.260564,10.12,10.04,1.43,1.54,0,1.92,25.05,119.86
08/02/2030 08:00,1299.28,0.259856,10.71,10.95,1.34,1.45,0,0,24.45,119.43
08/02/2030 09:00,1295.63,0.259127,9.82,10.92,1.41,1.43,0,0,23.59,118.98
08/02/2030 10:00,1291.89,0.258378,10.04,6.97,1.41,1.51,0,0,19.93,118.52
08/02/2030 11:00,1288.04,0.257609,9.72,8.29,1.45,1.43,0,0,20.88,118.05
08/02/2030 12:00,1284.09,0.256819,10.02,8.47,1.66,1.52,1.44,2.68,25.78,117.56
08/02/2030 13:00,1280.05,0.256009,9.77,8.78,1.48,1.48,0,0,21.51,117.07
08/02/2030 14:00,1275.9,0.255179,10.31,9.37,1.52,1.52,2.42,0,25.15,116.56
08/02/2030 15:00,1271.65,0.254329,10.04,11.5,1.53,1.43,1.78,0,26.28,116.04
08/02/2030 16:00,1267.3,0.253459,9.72,11.8,1.66,1.56,0,0,24.74,115.5
08/02/2030 17:00,1262.85,0.252569,10.25,9.56,1.44,1.49,2.8,0,25.55,114.96
08/02/2030 18:00,1258.3,0.25166,10.05,9.62,1.48,1.54,3.71,2.15,28.55,114.4
08/02/2030 19:00,1253.65,0.25073,10.29,8.94,1.49,1.55,0,0,22.27,113.83
08/02/2030 20:00,1248.9,0.249781,9.66,10.13,1.61,1.44,4.14,0,26.99,113.25
08/02/2030 21:00,1244.06,0.248812,10.11,10.3,1.63,1.54,0,0,23.59,112.65
08/02/2030 22:00,1239.12,0.247824,10.23,11.21,1.55,0.13,0,0,23.12,112.04
08/02/2030 23:00,1234.08,0.246816,9.87,11.2,1.62,0.13,0,0,22.83,111.43
09/02/2030 00:00,1228.94,0.245789,9.62,6.55,1.52,0.3,0,0,17.99,110.8
09/02/2030 01:00,1223.71,0.244742,9.99,9.77,1.48,0.26,0,0,21.5,110.15
09/02/2030 02:00,1218.38,0.243676,10.37,12.08,1.62,0.3,0,0,24.37,109.5
09/02/2030 03:00,1212.96,0.242591,10.34,9.34,1.55,0.18,0,0,21.41,108.83
09/02/2030 04:00,1207.44,0.241487,9.87,11.71,1.43,0.21,0,0,23.21,108.16
09/02/2030 05:00,1201.82,0.240364,9.62,9.54,1.6,0.23,0,0,20.98,107.47
09/02/2030 06:00,1196.11,0.239222,9.87,10.26,1.48,1.5,0,0,23.11,106.77
09/02/2030 07:00,1190.31,0.238061,9.86,8.29,1.47,1.46,0,2.97,24.06,106.06
09/02/2030 08:00,1184.41,0.236882,10.13,8.35,1.59,1.46,3.77,0,25.3,105.33
09/02/2030 09:00,1178.42,0.235684,9.97,11.09,1.49,1.51,0,0,24.06,104.6
09/02/2030 10:00,1172.34,0.234467,9.77,11.32,1.54,1.45,0,0,24.08,103.85
09/02/2030 11:00,1166.16,0.233232,10.33,10.04,1.57,1.45,1.37,0,24.75,103.09
09/02/2030 12:00,1159.89,0.231979,10.04,8.16,1.42,1.52,1.49,3.14,25.77,102.32
09/02/2030 13:00,1153.54,0.230707,10.13,10.07,1.54,1.5,2.34,0,25.57,101.54
09/02/2030 14:00,1147.09,0.229418,9.48,11.89,1.63,1.55,4.61,0,29.16,100.75
09/02/2030 15:00,1140.55,0.22811,9.27,12.61,1.4,1.48,4.89,0,29.66,99.95
09/02/2030 16:00,1133.92,0.226784,9.57,9.52,1.54,1.47,0,0,22.11,99.14
09/02/2030 17:00,1127.2,0.225441,9.86,7.51,1.42,1.52,0,0,20.3,98.31
09/02/2030 18:00,1120.4,0.224079,10.17,11.26,1.6,1.46,0,2.63,27.12,97.48
09/02/2030 19:00,1113.5,0.222701,9.3,9.59,1.6,1.47,0,0,21.95,96.63
09/02/2030 20:00,1106.52,0.221304,10.48,11.41,1.46,1.47,0,0,24.83,95.77
09/02/2030 21:00,1099.45,0.219891,10.05,10.42,1.72,1.49,0,0,23.68,94.91
09/02/2030 22:00,1092.3,0.21846,10.41,8.67,1.61,0.29,0,0,20.98,94.03
09/02/2030 23:00,1085.06,0.217011,9.73,10.09,1.57,0.13,0,0,21.52,93.14
10/02/2030 00:00,1077.73,0.215546,10.15,11.96,1.57,0.26,0,0,23.94,92.24
10/02/2030 01:00,1070.32,0.214064,10.03,9.78,1.6,0.24,0,0,21.64,91.33
10/02/2030 02:00,1062.82,0.212565,10.25,8.45,1.4,0.28,0,0,20.37,90.41
10/02/2030 03:00,1055.25,0.211049,9.93,7.62,1.52,0.36,0,0,19.42,89.48
10/02/2030 04:00,1047.58,0.209517,10.14,8.84,1.54,0.27,0,0,20.79,88.54
10/02/2030 05:00,1039.84,0.207968,10.33,9.38,1.46,0.25,0,0,21.42,87.59
10/02/2030 06:00,1032.02,0.206403,9.8,11.23,1.55,1.43,0,0,24.02,86.63
10/02/2030 07:00,1024.11,0.204822,10.07,8.32,1.62,1.44,0,2.47,23.92,85.66
10/02/2030 08:00,1016.12,0.203224,9.43,12.33,1.46,1.52,3.04,0,27.78,84.68
10/02/2030 09:00,1008.05,0.201611,10.21,7.99,1.49,1.42,0,0,21.11,83.69
10/02/2030 10:00,999.91,0.199982,10.59,13.5,1.42,1.53,1.17,0,28.2,82.69
10/02/2030 11:00,991.68,0.198337,9.63,12.59,1.32,1.39,0,0,24.93,81.68
10/02/2030 12:00,983.38,0.196676,9.97,10.21,1.58,1.56,4.26,2.43,30.01,80.66
10/02/2030 13:00,975,0.195,10.26,3.35,1.5,1.48,3.48,0,20.08,79.64
10/02/2030 14:00,966.54,0.193309,10.01,4.94,1.5,1.51,4.61,0,22.58,78.6
10/02/2030 15:00,958.01,0.191602,10.05,4.61,1.4,1.46,4.37,0,21.9,77.55
10/02/2030 16:00,949.4,0.189881,9.88,3.73,1.48,1.41,1.1,0,17.59,76.5
10/02/2030 17:00,940.72,0.188144,9.87,5.29,1.61,1.56,2.33,0,20.66,75.43
10/02/2030 18:00,931.96,0.186393,9.97,4.18,1.5,1.57,0,1.99,19.21,74.36
10/02/2030 19:00,923.13,0.184627,10.01,4.29,1.5,1.48,2.75,0,20.03,73.27
10/02/2030 20:00,914.23,0.182846,9.65,4.8,1.52,1.53,4.42,0,21.92,72.18
10/02/2030 21:00,905.26,0.181052,9.98,4.43,1.38,1.48,0,0,17.26,71.08
10/02/2030 22:00,896.21,0.179242,10.47,7.08,1.56,0.21,0,0,19.33,69.97
10/02/2030 23:00,887.1,0.177419,9.87,4.46,1.37,0.24,0,0,15.95,68.85
11/02/2030 00:00,877.91,0.175582,9.63,5.44,1.41,0.23,0,0,16.7,67.72
11/02/2030 01:00,868.66,0.173731,9.95,5.15,1.4,0.27,0,0,16.76,66.59
11/02/2030 02:00,859.33,0.171867,9.79,5.35,1.48,0.23,0,0,16.85,65.44
11/02/2030 03:00,849.94,0.169989,9.6,5.43,1.46,0.2,0,0,16.69,64.29
11/02/2030 04:00,840.49,0.168097,10.04,5.88,1.5,0.16,0,0,17.58,63.13
11/02/2030 05:00,830.96,0.166193,9.79,5.27,1.41,0.18,0,0,16.64,61.96
11/02/2030 06:00,821.37,0.164275,9.81,5.22,1.6,1.54,0,0,18.18,60.79
11/02/2030 07:00,811.72,0.162344,10.05,5.06,1.58,1.42,0,2.41,20.53,59.6
11/02/2030 08:00,802,0.160401,9.54,4.86,1.48,1.56,2.42,0,19.86,58.41
11/02/2030 09:00,792.22,0.158445,9.48,4.09,1.45,1.49,0,0,16.5,57.21
11/02/2030 10:00,782.38,0.156477,10.2,4.94,1.44,1.46,0,0,18.04,56
11/02/2030 11:00,772.48,0.154496,9.42,5.24,1.47,1.45,0,0,17.58,54.79
11/02/2030 12:00,762.51,0.152503,9.71,5.4,1.36,1.53,0,2.36,20.37,53.56
11/02/2030 13:00,752.49,0.150498,9.46,5.18,1.4,1.5,4.36,0,21.9,52.33
11/02/2030 14:00,742.41,0.148481,9.85,4.77,1.59,1.58,0,0,17.79,51.1
11/02/2030 15:00,732.27,0.146453,10.13,4.94,1.53,1.44,0,0,18.04,49.85
11/02/2030 16:00,722.07,0.144413,10.03,4.45,1.66,1.47,4.65,0,22.26,48.6
11/02/2030 17:00,711.81,0.142362,10.72,5.31,1.47,1.5,3.54,0,22.54,47.34
11/02/2030 18:00,701.5,0.1403,10.33,4.78,1.46,1.46,2.71,2.31,23.05,46.08
11/02/2030 19:00,691.13,0.138226,9.72,5.18,1.46,1.5,2.42,0,20.28,44.8
11/02/2030 20:00,680.71,0.136142,9.64,6,1.47,1.52,0,0,18.63,43.53
11/02/2030 21:00,670.23,0.134047,10.81,4.29,1.43,1.52,0,0,18.06,42.24
11/02/2030 22:00,659.71,0.131941,10.32,5.6,1.53,0.28,0,0,17.72,40.95
11/02/2030 23:00,649.13,0.129825,10.18,5.03,1.5,0.13,0,0,16.85,39.65
12/02/2030 00:00,638.5,0.127699,10.02,7.02,1.45,0.22,0,0,18.71,38.35
12/02/2030 01:00,627.82,0.125563,10.08,4.78,1.63,0.17,0,0,16.66,37.04
12/02/2030 02:00,617.09,0.123417,9.56,5.7,1.69,0.22,0,0,17.16,35.72
12/02/2030 03:00,606.31,0.121261,10.05,5.02,1.62,0.22,0,0,16.9,34.4
12/02/2030 04:00,595.48,0.119096,10.02,3.61,1.56,0.15,0,0,15.34,33.07
12/02/2030 05:00,584.61,0.116922,9.73,4.48,1.58,0.15,0,0,15.94,31.73
12/02/2030 06:00,573.69,0.114738,9.84,5.88,1.69,1.53,0,0,18.93,30.39
12/02/2030 07:00,562.72,0.112545,10.45,4.57,1.58,1.5,0,2.62,20.72,29.05
12/02/2030 08:00,551.72,0.110343,9.96,3,1.44,1.49,0,0,15.89,27.7
12/02/2030 09:00,540.66,0.108133,10.62,4.97,1.54,1.53,0,0,18.66,26.34
12/02/2030 10:00,529.57,0.105914,9.48,3.91,1.56,1.54,4.88,0,21.36,24.98
12/02/2030 11:00,518.43,0.103687,9.84,5.13,1.4,1.47,0,0,17.85,23.61
12/02/2030 12:00,507.26,0.101452,9.54,6.55,1.47,1.46,4,2.54,25.56,22.24
12/02/2030 13:00,496.04,0.099208,9.64,5.77,1.61,1.44,1.25,0,19.7,20.87
12/02/2030 14:00,484.79,0.096957,9.75,6.54,1.32,1.5,3.21,0,22.32,19.49
12/02/2030 15:00,473.49,0.094699,10.09,4.44,1.37,1.43,2.39,0,19.73,18.1
12/02/2030 16:00,462.16,0.092432,10.08,4.86,1.48,1.5,0,0,17.92,16.71
12/02/2030 17:00,450.79,0.090159,9.8,3.96,1.54,1.56,1.62,0,18.47,15.31
12/02/2030 18:00,439.39,0.087878,9.33,4.32,1.36,1.48,0,2.74,19.23,13.92
12/02/2030 19:00,427.96,0.085591,10.44,4.07,1.49,1.47,3.72,0,21.2,12.51
12/02/2030 20:00,416.48,0.083297,9.91,3.69,1.62,1.6,3.2,0,20.02,11.1
12/02/2030 21:00,404.98,0.080996,9.67,6.37,1.51,1.58,0,0,19.11,9.69
12/02/2030 22:00,393.45,0.078689,10.08,3,1.59,0.16,0,0,14.84,8.28
12/02/2030 23:00,381.88,0.076376,10.06,6.37,1.44,0.21,0,0,18.08,6.86
13/02/2030 00:00,370.28,0.074057,9.9,6.25,1.42,0.22,0,0,17.78,5.44
13/02/2030 01:00,358.66,0.071732,10.04,5.5,1.58,0.21,0,0,17.34,4.01
13/02/2030 02:00,347.01,0.069401,9.65,3.89,1.54,0.29,0,0,15.37,2.58
13/02/2030 03:00,335.32,0.067065,10.23,3.42,1.38,0.2,0,0,15.23,1.15
13/02/2030 04:00,323.62,0.064723,9.7,11.18,1.42,0.21,0,0,22.51,-0.29
13/02/2030 05:00,311.88,0.062377,9.82,12.94,1.66,0.23,0,0,24.65,-1.73
13/02/2030 06:00,300.13,0.060026,10.19,12,1.41,1.56,0,0,25.17,-3.17
13/02/2030 07:00,288.35,0.057669,10.36,10.43,1.59,1.55,0,2.37,26.3,-4.62
13/02/2030 08:00,276.54,0.055309,10.48,13.72,1.45,1.53,4.85,0,32.03,-6.07
13/02/2030 09:00,264.72,0.052944,10.32,14.53,1.5,1.42,3.34,0,31.11,-7.52
13/02/2030 10:00,252.87,0.050575,9.9,11.66,1.53,1.48,0,0,24.57,-8.97
13/02/2030 11:00,241.01,0.048202,9.54,12.16,1.29,1.54,0,0,24.53,-10.43
13/02/2030 12:00,229.12,0.045825,10.42,9.74,1.35,1.51,4.34,2.68,30.05,-11.89
13/02/2030 13:00,217.22,0.043444,10.41,11.38,1.51,1.54,3.38,0,28.22,-13.35
13/02/2030 14:00,205.3,0.04106,9.8,12.77,1.43,1.59,2.6,0,28.19,-14.81
13/02/2030 15:00,193.36,0.038673,10.28,12.53,1.6,1.44,3.29,0,29.14,-16.27
13/02/2030 16:00,181.41,0.036283,9.9,11.24,1.34,1.56,1.76,0,25.8,-17.74
13/02/2030 17:00,169.45,0.03389,10.45,11.59,1.56,1.48,4.89,0,29.97,-19.21
13/02/2030 18:00,157.47,0.031494,9.85,11.33,1.36,1.55,0,2.5,26.59,-20.68
13/02/2030 19:00,145.48,0.029096,10.59,11.58,1.46,1.5,4.66,0,29.8,-22.15
13/02/2030 20:00,133.48,0.026695,10.24,12.63,1.39,1.61,1.54,0,27.41,-23.62
13/02/2030 21:00,121.46,0.024293,10.54,9.05,1.69,1.51,0,0,22.78,-25.1
13/02/2030 22:00,109.44,0.021888,9.86,11.89,1.37,0.17,0,0,23.28,-26.57
13/02/2030 23:00,97.41,0.019482,10.12,12.52,1.49,0.22,0,0,24.36,-28.05
14/02/2030 00:00,85.37,0.017074,9.71,11.14,1.33,0.22,0,0,22.4,-29.52
14/02/2030 01:00,73.33,0.014665,10.25,11.28,1.66,0.26,0,0,23.45,-31
14/02/2030 02:00,61.27,0.012255,10.27,11.32,1.54,0.22,0,0,23.36,-32.48
14/02/2030 03:00,49.22,0.009844,10.72,11.28,1.51,0.32,0,0,23.84,-33.96
14/02/2030 04:00,37.16,0.007432,10.14,12.01,1.65,0.19,0,0,24,-35.44
14/02/2030 05:00,25.1,0.005019,10.22,12.19,1.51,0.2,0,0,24.12,-36.92
14/02/2030 06:00,13.03,0.002606,9.86,8.85,1.52,1.47,0,0,21.7,-38.4
14/02/2030 07:00,0.97,0.000193,10.16,12.98,1.51,1.5,0,2.68,28.84,-39.88
14/02/2030 08:00,0,0,9.89,11.57,1.56,1.51,1.72,0,26.24,-40
14/02/2030 09:00,0,0,10.03,14.9,1.45,1.51,0,0,27.9,-40.01
14/02/2030 10:00,0,0,10.05,10.21,1.48,1.5,0,0,23.25,-40.02
14/02/2030 11:00,0,0,9.89,10.7,1.58,1.47,2.74,0,26.38,-40.04
14/02/2030 12:00,0,0,10.02,11.7,1.53,1.46,2.14,2.48,29.31,-40.06
14/02/2030 13:00,0,0,9.89,12.62,1.49,1.48,0,0,25.48,-40.09
14/02/2030 14:00,0,0,9.89,9.07,1.36,1.56,0,0,21.88,-40.13
14/02/2030 15:00,0,0,10.32,10.76,1.65,1.57,4.36,0,28.66,-40.16
14/02/2030 16:00,0,0,10.05,12.89,1.43,1.5,4.92,0,30.79,-40.21
14/02/2030 17:00,0,0,10.1,10.58,1.6,1.45,3.47,0,27.2,-40.26
14/02/2030 18:00,0,0,9.56,14.06,1.52,1.5,2.38,3.03,32.04,-40.31
14/02/2030 19:00,0,0,10.13,11.32,1.37,1.6,0,0,24.42,-40.37
14/02/2030 20:00,0,0,10.16,10.65,1.63,1.55,4.62,0,28.61,-40.44
14/02/2030 21:00,0,0,9.88,12.92,1.53,1.53,0,0,25.85,-40.51
14/02/2030 22:00,0,0,10.63,14.41,1.63,0.25,0,0,26.92,-40.58
14/02/2030 23:00,0,0,9.31,12.62,1.48,0.28,0,0,23.7,-40.66
15/02/2030 00:00,0,0,10.24,13.89,1.57,0.14,0,0,25.84,-40.75
15/02/2030 01:00,0,0,10.21,14.51,1.32,0.18,0,0,26.23,-40.84
15/02/2030 02:00,0,0,10.16,10.62,1.45,0.17,0,0,22.4,-40.93
15/02/2030 03:00,0,0,10.05,13.41,1.37,0.23,0,0,25.06,-41.03
15/02/2030 04:00,0,0,10.17,9.71,1.46,0.21,0,0,21.55,-41.14
15/02/2030 05:00,0,0,10.26,12.64,1.55,0.24,0,0,24.68,-41.25
15/02/2030 06:00,0,0,9.78,11.89,1.44,1.47,0,0,24.59,-41.37
15/02/2030 07:00,0,0,10.09,13.86,1.59,1.57,0,1.77,28.88,-41.49
15/02/2030 08:00,0,0,9.95,13.76,1.41,1.5,4.71,0,31.32,-41.62
15/02/2030 09:00,0,0,9.67,12.85,1.59,1.53,0,0,25.65,-41.75
15/02/2030 10:00,0,0,10.22,12.45,1.63,1.56,3.26,0,29.11,-41.88
15/02/2030 11:00,0,0,9.83,12.76,1.6,1.56,0,0,25.75,-42.03
15/02/2030 12:00,0,0,9.55,12.09,1.47,1.52,4.45,2.69,31.76,-42.17
15/02/2030 13:00,0,0,9.84,11.91,1.29,1.54,3.9,0,28.47,-42.33
15/02/2030 14:00,0,0,9.76,14.16,1.56,1.59,4.06,0,31.13,-42.48
15/02/2030 15:00,0,0,10.31,14.34,1.49,1.53,4.22,0,31.89,-42.65
15/02/2030 16:00,0,0,10.05,11.79,1.4,1.46,2.1,0,26.8,-42.81
15/02/2030 17:00,0,0,10.41,12.36,1.44,1.53,0,0,25.74,-42.98
15/02/2030 18:00,0,0,9.8,12.12,1.64,1.5,0,2.76,27.82,-43.16
15/02/2030 19:00,0,0,10.26,9.58,1.39,1.38,0,0,22.61,-43.34
15/02/2030 20:00,0,0,10.85,11.5,1.55,1.52,3.6,0,29.02,-43.53
15/02/2030 21:00,0,0,10.11,14.4,1.52,1.51,0,0,27.53,-43.72
15/02/2030 22:00,0,0,10.26,10.88,1.46,0.26,0,0,22.86,-43.92
15/02/2030 23:00,0,0,10.21,15.17,1.56,0.16,0,0,27.11,-44.12
16/02/2030 00:00,0,0,9.57,13.76,1.66,0.12,0,0,25.12,-44.33
16/02/2030 01:00,0,0,10.18,12.6,1.47,0.21,0,0,24.46,-44.54
16/02/2030 02:00,0,0,10.09,12.84,1.48,0.22,0,0,24.63,-44.76
16/02/2030 03:00,0,0,9.92,10.62,1.56,0.2,0,0,22.31,-44.98
16/02/2030 04:00,0,0,9.73,11.6,1.59,0.2,0,0,23.13,-45.2
16/02/2030 05:00,0,0,10.21,14.16,1.49,0.15,0,0,26,-45.43
16/02/2030 06:00,0,0,9.71,11.08,1.47,1.49,0,0,23.75,-45.67
16/02/2030 07:00,0,0,10.64,13.59,1.28,1.48,0,2.12,29.11,-45.91
16/02/2030 08:00,0,0,10.03,9.93,1.42,1.55,0,0,22.94,-46.16
16/02/2030 09:00,0,0,9.63,10.2,1.39,1.52,0,0,22.74,-46.41
16/02/2030 10:00,0,0,9.85,14.85,1.57,1.49,2.17,0,29.92,-46.66
16/02/2030 11:00,0,0,9.92,11.98,1.48,1.59,0,0,24.96,-46.92
16/02/2030 12:00,0,0,10.72,11.19,1.47,1.49,4.84,3.05,32.76,-47.19
16/02/2030 13:00,0,0,9.73,14.04,1.5,1.53,4.99,0,31.8,-47.45
16/02/2030 14:00,0,0,9.97,13.87,1.41,1.49,0,0,26.74,-47.73
16/02/2030 15:00,0,0,9.84,13.38,1.66,1.58,0,0,26.46,-48.01
16/02/2030 16:00,0,0,10.15,11.15,1.63,1.5,4.63,0,29.06,-48.29
16/02/2030 17:00,0,0,9.84,11.57,1.66,1.51,3.72,0,28.3,-48.58
16/02/2030 18:00,0,0,9.66,12.47,1.57,1.49,3.53,2.51,31.22,-48.87
16/02/2030 19:00,0,0,9.94,13.04,1.5,1.51,0,0,25.99,-49.16
16/02/2030 20:00,0,0,9.91,11.24,1.66,1.56,3.95,0,28.32,-49.47
16/02/2030 21:00,0,0,9.82,12.26,1.43,1.54,0,0,25.05,-49.77
16/02/2030 22:00,0,0,9.84,12.4,1.41,0.2,0,0,23.85,-50.08
16/02/2030 23:00,0,0,10.36,13.93,1.44,0.29,0,0,26.01,-50.39
17/02/2030 00:00,0,0,9.9,13.13,1.55,0.24,0,0,24.83,-50.71
17/02/2030 01:00,0,0,9.66,9.74,1.42,0.18,0,0,21,-51.04
17/02/2030 02:00,0,0,9.86,11.68,1.48,0.13,0,0,23.16,-51.36
17/02/2030 03:00,0,0,10.02,10.61,1.34,0.18,0,0,22.14,-51.7
17/02/2030 04:00,0,0,9.6,12.85,1.55,0.22,0,0,24.22,-52.03
17/02/2030 05:00,0,0,10.49,13.38,1.35,0.23,0,0,25.45,-52.37
17/02/2030 06:00,0,0,10.26,12.15,1.41,1.57,0,0,25.39,-52.72
17/02/2030 07:00,0,0,10.43,11.6,1.62,1.45,0,2.46,27.56,-53.07
17/02/2030 08:00,0,0,10.12,12.1,1.62,1.48,4.7,0,30.02,-53.42
17/02/2030 09:00,0,0,9.37,12.31,1.54,1.44,0,0,24.66,-53.78
17/02/2030 10:00,0,0,10.46,11.04,1.53,1.43,1.43,0,25.89,-54.14
17/02/2030 11:00,0,0,9.74,10.17,1.45,1.47,0,0,22.83,-54.5
17/02/2030 12:00,0,0,9.77,8.92,1.42,1.52,2.93,2.61,27.17,-54.87
17/02/2030 13:00,0,0,10.05,13.9,1.46,1.54,2.89,0,29.84,-55.25
17/02/2030 14:00,0,0,10.41,12.74,1.35,1.45,1.21,0,27.17,-55.62
17/02/2030 15:00,0,0,10.32,12.54,1.53,1.46,3.48,0,29.32,-56.01
17/02/2030 16:00,0,0,10.27,13.9,1.5,1.41,1.93,0,29.02,-56.39
17/02/2030 17:00,0,0,9.91,10.12,1.41,1.51,0,0,22.94,-56.78
17/02/2030 18:00,0,0,9.9,9.4,1.66,1.46,0,2.77,25.18,-57.17
17/02/2030 19:00,0,0,10.1,12.58,1.56,1.58,4.33,0,30.15,-57.57
17/02/2030 20:00,0,0,9.96,12.44,1.57,1.52,0,0,25.49,-57.97
17/02/2030 21:00,0,0,10.27,9.4,1.45,1.49,0,0,22.61,-58.38
17/02/2030 22:00,0,0,10.25,12.54,1.5,0.17,0,0,24.46,-58.79
17/02/2030 23:00,0,0,10.18,11.4,1.56,0.13,0,0,23.27,-59.2
18/02/2030 00:00,0,0,9.24,10.79,1.52,0.13,0,0,21.68,-59.62
18/02/2030 01:00,0,0,10.04,11.5,1.66,0.17,0,0,23.37,-60.04
18/02/2030 02:00,0,0,9.97,8.34,1.48,0.17,0,0,19.95,-60.46
18/02/2030 03:00,0,0,10.05,11.11,1.45,0.15,0,0,22.76,-60.89
18/02/2030 04:00,0,0,9.77,10.94,1.56,0.22,0,0,22.5,-61.32
18/02/2030 05:00,0,0,9.6,12.84,1.37,0.23,0,0,24.04,-61.75
18/02/2030 06:00,0,0,10.14,11.76,1.59,1.48,0,0,24.97,-62.19
18/02/2030 07:00,0,0,9.89,12.96,1.37,1.6,0,2.54,28.36,-62.63
18/02/2030 08:00,0,0,10.17,8.18,1.56,1.41,2.5,0,23.82,-63.08
18/02/2030 09:00,0,0,9.8,10.74,1.44,1.5,3.93,0,27.41,-63.52
18/02/2030 10:00,0,0,10.42,12.83,1.55,1.49,4.93,0,31.23,-63.97
18/02/2030 11:00,0,0,10.3,11.54,1.59,1.47,0,0,24.9,-64.43
18/02/2030 12:00,0,0,10.09,13.27,1.52,1.47,1.39,2.53,30.26,-64.89
18/02/2030 13:00,0,0,9.94,9.29,1.38,1.5,2.95,0,25.06,-65.35
18/02/2030 14:00,0,0,10.26,13.1,1.41,1.49,4.07,0,30.32,-65.81
18/02/2030 15:00,0,0,10.12,11.04,1.43,1.48,0,0,24.07,-66.28
18/02/2030 16:00,0,0,10.07,10.9,1.31,1.44,3.38,0,27.09,-66.75
18/02/2030 17:00,0,0,10.31,13.49,1.61,1.42,2.59,0,29.42,-67.23
18/02/2030 18:00,0,0,10.43,13.74,1.51,1.49,0,2.75,29.92,-67.7
18/02/2030 19:00,0,0,9.62,13.55,1.39,1.48,4.34,0,30.38,-68.19
18/02/2030 20:00,0,0,9.68,15.06,1.65,1.49,0,0,27.88,-68.67
18/02/2030 21:00,0,0,9.77,13.9,1.43,1.49,0,0,26.59,-69.15
18/02/2030 22:00,0,0,9.55,10.81,1.53,0.17,0,0,22.06,-69.64
18/02/2030 23:00,0,0,9.98,12.21,1.42,0.19,0,0,23.8,-70.14
19/02/2030 00:00,0,0,10.18,11.46,1.3,0.16,0,0,23.1,-70.63
19/02/2030 01:00,0,0,9.99,15.04,1.36,0.28,0,0,26.68,-71.13
19/02/2030 02:00,0,0,9.84,13.66,1.46,0.16,0,0,25.11,-71.63
19/02/2030 03:00,0,0,10.34,11.72,1.59,0.18,0,0,23.83,-72.13
19/02/2030 04:00,0,0,10.04,13.32,1.53,0.16,0,0,25.06,-72.64
19/02/2030 05:00,0,0,10.1,10.15,1.51,0.16,0,0,21.93,-73.15
19/02/2030 06:00,0,0,10.35,12.38,1.3,1.5,0,0,25.52,-73.66
19/02/2030 07:00,0,0,9.96,10.59,1.63,1.49,0,2.79,26.47,-74.17
19/02/2030 08:00,0,0,10.62,9.47,1.52,1.48,0,0,23.08,-74.69
19/02/2030 09:00,0,0,9.87,13.18,1.49,1.49,2.52,0,28.54,-75.21
19/02/2030 10:00,0,0,10.6,13.36,1.61,1.46,3.41,0,30.45,-75.73
19/02/2030 11:00,0,0,9.71,12.69,1.62,1.52,0,0,25.54,-76.25
19/02/2030 12:00,0,0,10.16,11.73,1.62,1.6,0,2.6,27.7,-76.78
19/02/2030 13:00,0,0,9.81,10.1,1.48,1.46,0,0,22.84,-77.31
19/02/2030 14:00,0,0,10.34,10.26,1.4,1.52,0,0,23.51,-77.84
19/02/2030 15:00,0,0,9.86,10.55,1.6,1.5,0,0,23.5,-78.37
19/02/2030 16:00,0,0,10.09,11.65,1.36,1.53,4.49,0,29.12,-78.91
19/02/2030 17:00,0,0,9.8,13.61,1.69,1.53,0,0,26.65,-79.45
19/02/2030 18:00,0,0,10.28,13.59,1.5,1.51,4.95,2.04,33.87,-79.99
19/02/2030 19:00,0,0,9.8,9.53,1.39,1.5,0,0,22.22,-80.53
19/02/2030 20:00,0,0,10.51,10.96,1.38,1.48,4.37,0,28.69,-81.07
19/02/2030 21:00,0,0,9.7,10.92,1.37,1.46,0,0,23.45,-81.62
19/02/2030 22:00,0,0,9.6,8.2,1.51,0.2,0,0,19.51,-82.16
19/02/2030 23:00,0,0,10.29,12.85,1.5,0.14,0,0,24.77,-82.71
20/02/2030 00:00,0,0,9.82,11.63,1.38,0.17,0,0,23,-83.27
20/02/2030 01:00,0,0,10,11.83,1.46,0.26,0,0,23.55,-83.82
20/02/2030 02:00,0,0,9.9,14.02,1.36,0.2,0,0,25.49,-84.37
20/02/2030 03:00,0,0,9.61,12.13,1.56,0.24,0,0,23.54,-84.93
20/02/2030 04:00,0,0,9.98,11.35,1.49,0.27,0,0,23.1,-85.49
20/02/2030 05:00,0,0,10.38,12.86,1.46,0.19,0,0,24.89,-86.05
20/02/2030 06:00,0,0,10.3,13.59,1.37,1.51,0,0,26.77,-86.61
20/02/2030 07:00,0,0,10.07,12.44,1.47,1.48,0,2.19,27.66,-87.17
20/02/2030 08:00,0,0,10.33,13.03,1.46,1.46,2.66,0,28.95,-87.74
20/02/2030 09:00,0,0,9.68,11.78,1.53,1.45,3.08,0,27.53,-88.31
20/02/2030 10:00,0,0,9.9,11.88,1.52,1.54,1.85,0,26.69,-88.87
20/02/2030 11:00,0,0,10.12,12.17,1.58,1.51,0,0,25.38,-89.44
20/02/2030 12:00,0,0,9.96,10.87,1.45,1.59,1.25,2.83,27.95,-90.01
20/02/2030 13:00,0,0,9.93,11.15,1.31,1.55,2.64,0,26.58,-90.58
20/02/2030 14:00,0,0,9.64,14.07,1.6,1.46,2.03,0,28.8,-91.16
20/02/2030 15:00,0,0,9.38,15.01,1.41,1.54,1.65,0,28.99,-91.73
20/02/2030 16:00,0,0,10.25,14.39,1.39,1.48,4.62,0,32.13,-92.31
20/02/2030 17:00,0,0,10.07,10.02,1.5,1.56,3.74,0,26.88,-92.88
20/02/2030 18:00,0,0,10.27,9.87,1.53,1.48,2.42,2.42,27.98,-93.46
20/02/2030 19:00,0,0,9.87,10.21,1.45,1.45,4.75,0,27.73,-94.04
20/02/2030 20:00,0,0,9.79,12.2,1.45,1.46,3.76,0,28.65,-94.62
20/02/2030 21:00,0,0,10,7.79,1.46,1.46,0,0,20.71,-95.2
20/02/2030 22:00,0,0,10.26,11.12,1.64,0.16,0,0,23.17,-95.78
20/02/2030 23:00,0,0,9.93,14.11,1.5,0.17,0,0,25.71,-96.36
21/02/2030 00:00,0,0,10.24,13.47,1.4,0.24,0,0,25.36,-96.95
21/02/2030 01:00,0,0,9.7,11.24,1.4,0.29,0,0,22.63,-97.53
21/02/2030 02:00,0,0,9.95,11.35,1.47,0.13,0,0,22.91,-98.12
21/02/2030 03:00,0,0,9.98,12.85,1.52,0.26,0,0,24.62,-98.7
21/02/2030 04:00,0,0,10.37,13.4,1.55,0.18,0,0,25.5,-99.29
21/02/2030 05:00,0,0,10.06,11.2,1.51,0.22,0,0,22.99,-99.87
21/02/2030 06:00,0,0,10.52,19.53,1.42,1.42,0,0,32.89,-100.46
21/02/2030 07:00,0,0,9.6,18.87,1.46,1.53,0,2.32,33.77,-101.05
21/02/2030 08:00,0,0,10.04,17.34,1.57,1.4,0,0,30.35,-101.63
21/02/2030 09:00,0,0,10.05,19.56,1.39,1.52,4.76,0,37.28,-102.22
21/02/2030 10:00,0,0,10.19,19.41,1.45,1.51,1.18,0,33.74,-102.81
21/02/2030 11:00,0,0,9.76,17.48,1.56,1.51,2.34,0,32.64,-103.4
21/02/2030 12:00,0,0,10.51,21.29,1.59,1.46,3.48,2.63,40.96,-103.99
21/02/2030 13:00,0,0,10,20.97,1.48,1.53,3.52,0,37.5,-104.58
21/02/2030 14:00,0,0,9.67,21.39,1.46,1.52,4.93,0,38.97,-105.17
21/02/2030 15:00,0,0,10,18.46,1.37,1.49,3.64,0,34.96,-105.76
21/02/2030 16:00,0,0,9.91,16.03,1.55,1.53,0,0,29.03,-106.35
21/02/2030 17:00,0,0,10.83,20.93,1.63,1.5,1.45,0,36.35,-106.94
21/02/2030 18:00,0,0,10.31,18.67,1.76,1.53,1.99,2.59,36.85,-107.53
21/02/2030 19:00,0,0,10.01,18.22,1.54,1.49,3.7,0,34.97,-108.12
21/02/2030 20:00,0,0,9.97,17.49,1.49,1.51,3.15,0,33.61,-108.7
21/02/2030 21:00,0,0,10.29,19.45,1.41,1.53,0,0,32.67,-109.29
21/02/2030 22:00,0,0,10.3,23.15,1.31,0.18,0,0,34.95,-109.88
21/02/2030 23:00,0,0,9.13,18.99,1.52,0.14,0,0,29.77,-110.47
22/02/2030 00:00,0,0,10.19,17.82,1.74,0.21,0,0,29.96,-111.06
22/02/2030 01:00,0,0,10.01,21.3,1.63,0.26,0,0,33.2,-111.65
22/02/2030 02:00,0,0,9.61,20.35,1.61,0.21,0,0,31.78,-112.24
22/02/2030 03:00,0,0,10.26,15.76,1.52,0.22,0,0,27.77,-112.82
22/02/2030 04:00,0,0,10.67,21.32,1.54,0.2,0,0,33.73,-113.41
22/02/2030 05:00,0,0,10.17,24.26,1.26,0.24,0,0,35.92,-114
22/02/2030 06:00,0,0,10.33,14.8,1.58,1.49,0,0,28.2,-114.58
22/02/2030 07:00,0,0,10.54,17.53,1.44,1.48,0,2.43,33.42,-115.17
22/02/2030 08:00,0,0,9.75,14.3,1.43,1.56,4.44,0,31.48,-115.75
22/02/2030 09:00,0,0,9.44,19.85,1.47,1.47,2.44,0,34.67,-116.33
22/02/2030 10:00,0,0,10.2,21.98,1.46,1.54,1.55,0,36.74,-116.92
22/02/2030 11:00,0,0,9.93,20.21,1.43,1.56,0,0,33.12,-117.5
22/02/2030 12:00,0,0,9.59,22.78,1.5,1.53,0,2.72,38.12,-118.08
22/02/2030 13:00,0,0,9.98,21.66,1.44,1.44,0,0,34.52,-118.66
22/02/2030 14:00,0,0,10.22,23.4,1.51,1.5,4.81,0,41.44,-119.24
22/02/2030 15:00,0,0,9.96,22.32,1.35,1.49,2.8,0,37.92,-119.82
22/02/2030 16:00,0,0,9.76,19.19,1.48,1.48,1.4,0,33.31,-120.39
22/02/2030 17:00,0,0,9.93,20.13,1.39,1.51,2.26,0,35.22,-120.97
22/02/2030 18:00,0,0,9.99,18.26,1.44,1.54,1.82,2.12,35.17,-121.54
22/02/2030 19:00,0,0,9.42,19.54,1.51,1.48,0,0,31.95,-122.12
22/02/2030 20:00,0,0,9.96,20.12,1.34,1.49,0,0,32.91,-122.69
22/02/2030 21:00,0,0,9.6,19.83,1.42,1.49,0,0,32.33,-123.26
22/02/2030 22:00,0,0,10.2,22.68,1.56,0.26,0,0,34.7,-123.83
22/02/2030 23:00,0,0,9.53,19.34,1.36,0.19,0,0,30.42,-124.4
23/02/2030 00:00,0,0,10.3,18.14,1.68,0.14,0,0,30.26,-124.97
23/02/2030 01:00,0,0,9.88,18.26,1.62,0.12,0,0,29.88,-125.53
23/02/2030 02:00,0,0,9.84,21.31,1.45,0.22,0,0,32.82,-126.1
23/02/2030 03:00,0,0,10.09,17.19,1.42,0.16,0,0,28.87,-126.66
23/02/2030 04:00,0,0,9.74,19.6,1.52,0.23,0,0,31.09,-127.22
23/02/2030 05:00,0,0,10.08,22.66,1.36,0.13,0,0,34.23,-127.78
23/02/2030 06:00,0,0,9.78,20.59,1.3,1.47,0,0,33.14,-128.34
23/02/2030 07:00,0,0,9.83,19.85,1.45,1.43,0,1.98,34.55,-128.89
23/02/2030 08:00,0,0,10.12,19.93,1.49,1.52,4.37,0,37.43,-129.45
23/02/2030 09:00,0,0,9.66,17.94,1.51,1.53,0,0,30.64,-130
23/02/2030 10:00,0,0,9.62,18.29,1.44,1.52,0,0,30.86,-130.55
23/02/2030 11:00,0,0,10.07,19.61,1.63,1.45,4.02,0,36.78,-131.1
23/02/2030 12:00,0,0,9.99,20.54,1.35,1.46,3.5,2.95,39.8,-131.65
23/02/2030 13:00,0,0,10.05,21.9,1.39,1.51,0,0,34.84,-132.19
23/02/2030 14:00,0,0,10.1,20.19,1.55,1.42,0,0,33.25,-132.73
23/02/2030 15:00,0,0,10.02,22.71,1.38,1.49,4.39,0,39.98,-133.27
23/02/2030 16:00,0,0,10.18,23.21,1.38,1.58,1.87,0,38.22,-133.81
23/02/2030 17:00,0,0,10.03,21.59,1.51,1.49,4.45,0,39.07,-134.35
23/02/2030 18:00,0,0,9.4,22.45,1.39,1.43,0,2.16,36.83,-134.88
23/02/2030 19:00,0,0,9.48,18.02,1.49,1.47,0,0,30.45,-135.42
23/02/2030 20:00,0,0,10.58,17.7,1.43,1.47,1.54,0,32.72,-135.95
23/02/2030 21:00,0,0,10,21.04,1.41,1.61,0,0,34.06,-136.47
23/02/2030 22:00,0,0,10.29,17.32,1.29,0.28,0,0,29.18,-137
23/02/2030 23:00,0,0,9.9,19.42,1.51,0.24,0,0,31.07,-137.52
24/02/2030 00:00,0,0,9.98,21.54,1.38,0.18,0,0,33.08,-138.04
24/02/2030 01:00,0,0,9.86,22.83,1.48,0.26,0,0,34.43,-138.56
24/02/2030 02:00,0,0,10.74,19.49,1.45,0.14,0,0,31.82,-139.07
24/02/2030 03:00,0,0,10.08,18.7,1.48,0.25,0,0,30.51,-139.59
24/02/2030 04:00,0,0,9.84,20.64,1.49,0.25,0,0,32.21,-140.1
24/02/2030 05:00,0,0,9.5,17.85,1.52,0.19,0,0,29.07,-140.6
24/02/2030 06:00,0,0,10.59,19.65,1.43,1.56,0,0,33.23,-141.11
24/02/2030 07:00,0,0,9.95,19.98,1.62,1.48,0,2.06,35.09,-141.61
24/02/2030 08:00,0,0,10.22,19.94,1.32,1.44,1.4,0,34.32,-142.11
24/02/2030 09:00,0,0,10.26,20.18,1.48,1.55,2.35,0,35.81,-142.61
24/02/2030 10:00,0,0,9.86,18.33,1.58,1.5,4.53,0,35.8,-143.1
24/02/2030 11:00,0,0,10.2,18.55,1.55,1.53,0,0,31.83,-143.59
24/02/2030 12:00,0,0,9.82,18.51,1.4,1.59,0,2.4,33.72,-144.08
24/02/2030 13:00,0,0,9.7,16.76,1.42,1.46,2.64,0,31.99,-144.56
24/02/2030 14:00,0,0,10.35,20.68,1.4,1.49,2.75,0,36.68,-145.05
24/02/2030 15:00,0,0,9.95,21.79,1.56,1.58,0,0,34.88,-145.52
24/02/2030 16:00,0,0,10.16,21.59,1.43,1.53,4.35,0,39.06,-146
24/02/2030 17:00,0,0,10.12,19.48,1.53,1.47,0,0,32.59,-146.47
24/02/2030 18:00,0,0,10.19,18.38,1.53,1.45,1.96,2.49,36,-146.94
24/02/2030 19:00,0,0,9.53,21.49,1.74,1.47,0,0,34.23,-147.41
24/02/2030 20:00,0,0,9.82,21.28,1.53,1.46,0,0,34.1,-147.87
24/02/2030 21:00,0,0,9.9,20.43,1.42,1.51,0,0,33.27,-148.33
24/02/2030 22:00,0,0,9.75,23.49,1.35,0.2,0,0,34.8,-148.79
24/02/2030 23:00,0,0,10.13,19.95,1.47,0.21,0,0,31.76,-149.24
25/02/2030 00:00,0,0,10.36,19.49,1.49,0.16,0,0,31.49,-149.69
25/02/2030 01:00,0,0,10.4,19.2,1.28,0.2,0,0,31.08,-150.14
25/02/2030 02:00,0,0,9.9,16.88,1.43,0.1,0,0,28.31,-150.58
25/02/2030 03:00,0,0,10.09,21.32,1.53,0.21,0,0,33.15,-151.02
25/02/2030 04:00,0,0,10.13,19.79,1.45,0.26,0,0,31.63,-151.46
25/02/2030 05:00,0,0,10.19,21.02,1.6,0.13,0,0,32.93,-151.89
25/02/2030 06:00,0,0,9.74,23.68,1.34,1.52,0,0,36.29,-152.32
25/02/2030 07:00,0,0,10.55,19.22,1.57,1.47,0,2.36,35.16,-152.75
25/02/2030 08:00,0,0,10.28,15.32,1.59,1.54,0,0,28.73,-153.17
25/02/2030 09:00,0,0,10.29,20.96,1.6,1.51,0,0,34.35,-153.59
25/02/2030 10:00,0,0,10.36,20.33,1.34,1.52,1.27,0,34.83,-154
25/02/2030 11:00,0,0,10.16,18.54,1.53,1.5,1.59,0,33.32,-154.41
25/02/2030 12:00,0,0,9.69,20.79,1.43,1.57,1.63,2.43,37.55,-154.82
25/02/2030 13:00,0,0,9.96,21.57,1.36,1.52,0,0,34.41,-155.22
25/02/2030 14:00,0,0,9.5,18.11,1.46,1.46,2.47,0,33,-155.62
25/02/2030 15:00,0,0,10.12,19.4,1.41,1.5,3.36,0,35.8,-156.02
25/02/2030 16:00,0,0,9.95,22.95,1.59,1.48,3.97,0,39.95,-156.41
25/02/2030 17:00,0,0,9.99,18.56,1.55,1.51,0,0,31.6,-156.79
25/02/2030 18:00,0,0,10.36,20.13,1.38,1.48,1.6,2.07,37.03,-157.18
25/02/2030 19:00,0,0,9.86,14.75,1.43,1.47,0,0,27.51,-157.56
25/02/2030 20:00,0,0,9.92,17.04,1.46,1.51,1.89,0,31.82,-157.93
25/02/2030 21:00,0,0,10.01,20.32,1.49,1.5,0,0,33.32,-158.31
25/02/2030 22:00,0,0,9.45,22.46,1.6,0.25,0,0,33.76,-158.67
25/02/2030 23:00,0,0,9.92,17.28,1.57,0.18,0,0,28.94,-159.04
26/02/2030 00:00,0,0,9.25,20.15,1.51,0.1,0,0,31.01,-159.4
26/02/2030 01:00,0,0,9.82,19.25,1.47,0.18,0,0,30.73,-159.75
26/02/2030 02:00,0,0,10.26,21.91,1.32,0.12,0,0,33.6,-160.1
26/02/2030 03:00,0,0,10.13,17.56,1.63,0.22,0,0,29.55,-160.45
26/02/2030 04:00,0,0,9.82,20.86,1.46,0.12,0,0,32.25,-160.79
26/02/2030 05:00,0,0,10.01,18.69,1.66,0.15,0,0,30.51,-161.13
26/02/2030 06:00,0,0,9.68,20.45,1.52,1.48,0,0,33.13,-161.46
26/02/2030 07:00,0,0,10,20.14,1.7,1.58,0,2.71,36.13,-161.79
26/02/2030 08:00,0,0,10.88,19.5,1.56,1.45,4.69,0,38.07,-162.12
26/02/2030 09:00,0,0,10.55,20.96,1.36,1.5,4.62,0,38.99,-162.44
26/02/2030 10:00,0,0,10.02,20.09,1.44,1.53,1.33,0,34.4,-162.76
26/02/2030 11:00,0,0,10.05,19.73,1.48,1.57,0,0,32.84,-163.07
26/02/2030 12:00,0,0,9.71,19.29,1.41,1.54,2.27,2.04,36.26,-163.38
26/02/2030 13:00,0,0,9.76,20.16,1.46,1.55,2.33,0,35.26,-163.68
26/02/2030 14:00,0,0,10.11,20.44,1.36,1.54,3.95,0,37.41,-163.98
26/02/2030 15:00,0,0,9.84,18.02,1.5,1.44,0,0,30.8,-164.27
26/02/2030 16:00,0,0,10.27,19.3,1.52,1.52,0,0,32.61,-164.56
26/02/2030 17:00,0,0,10.47,17.89,1.4,1.54,0,0,31.3,-164.85
26/02/2030 18:00,0,0,10.1,19.92,1.69,1.45,0,2.51,35.67,-165.13
26/02/2030 19:00,0,0,10.03,18.82,1.51,1.47,0,0,31.82,-165.4
26/02/2030 20:00,0,0,9.5,21.54,1.42,1.46,0,0,33.92,-165.68
26/02/2030 21:00,0,0,10.22,21.35,1.34,1.54,0,0,34.45,-165.94
26/02/2030 22:00,0,0,9.66,18.15,1.51,0.2,0,0,29.51,-166.2
26/02/2030 23:00,0,0,9.87,20,1.47,0.18,0,0,31.53,-166.46
27/02/2030 00:00,0,0,10.29,21.28,1.58,0.14,0,0,33.28,-166.71
27/02/2030 01:00,0,0,10.31,19.65,1.49,0.2,0,0,31.64,-166.96
27/02/2030 02:00,0,0,9.86,18.54,1.38,0.17,0,0,29.96,-167.2
27/02/2030 03:00,0,0,9.88,17.82,1.67,0.21,0,0,29.57,-167.44
27/02/2030 04:00,0,0,9.79,21.71,1.54,0.14,0,0,33.19,-167.68
27/02/2030 05:00,0,0,9.64,21.81,1.47,0.21,0,0,33.13,-167.91
27/02/2030 06:00,0,0,9.81,19.58,1.52,1.48,0,0,32.39,-168.13
27/02/2030 07:00,0,0,9.52,21.53,1.55,1.44,0,2.57,36.6,-168.35
27/02/2030 08:00,0,0,10.2,14.07,1.36,1.43,2.2,0,29.27,-168.56
27/02/2030 09:00,0,0,10.12,22.66,1.52,1.44,0,0,35.73,-168.77
27/02/2030 10:00,0,0,10.17,19.69,1.45,1.49,4.65,0,37.45,-168.98
27/02/2030 11:00,0,0,9.71,20.28,1.55,1.51,2.2,0,35.25,-169.18
27/02/2030 12:00,0,0,9.64,19.36,1.43,1.51,0,2.69,34.63,-169.37
27/02/2030 13:00,0,0,10.02,22.79,1.44,1.52,4.85,0,40.61,-169.56
27/02/2030 14:00,0,0,10.02,17.88,1.67,1.46,0,0,31.03,-169.74
27/02/2030 15:00,0,0,9.96,22.95,1.62,1.55,0,0,36.08,-169.92
27/02/2030 16:00,0,0,9.91,20.79,1.17,1.48,2.05,0,35.4,-170.1
27/02/2030 17:00,0,0,10.51,21.25,1.62,1.52,4.41,0,39.31,-170.27
27/02/2030 18:00,0,0,10.13,19.34,1.49,1.49,1.42,2.57,36.44,-170.43
27/02/2030 19:00,0,0,10.59,17.38,1.43,1.52,3.03,0,33.95,-170.59
27/02/2030 20:00,0,0,10.38,21.86,1.4,1.49,0,0,35.13,-170.75
27/02/2030 21:00,0,0,10.51,20.62,1.41,1.52,0,0,34.06,-170.9
27/02/2030 22:00,0,0,9.68,22.72,1.43,0.2,0,0,34.03,-171.04
27/02/2030 23:00,0,0,10.18,19.61,1.39,0.24,0,0,31.42,-171.18
28/02/2030 00:00,0,0,9.87,19.16,1.36,0.16,0,0,30.56,-171.32
28/02/2030 01:00,0,0,9.5,22.78,1.4,0.11,0,0,33.78,-171.45
28/02/2030 02:00,0,0,10.45,23.82,1.53,0.15,0,0,35.96,-171.57
28/02/2030 03:00,0,0,9.91,20.02,1.51,0.25,0,0,31.69,-171.69
28/02/2030 04:00,0,0,9.68,18.49,1.56,0.19,0,0,29.93,-171.8
28/02/2030 05:00,0,0,9.88,21.62,1.49,0.2,0,0,33.19,-171.91
28/02/2030 06:00,0,0,9.76,19.49,1.37,1.45,0,0,32.07,-172.01
28/02/2030 07:00,0,0,9.79,21.2,1.55,1.5,0,2.17,36.22,-172.11
28/02/2030 08:00,0,0,9.93,19.48,1.4,1.45,1.85,0,34.11,-172.21
28/02/2030 09:00,0,0,10.52,23.13,1.56,1.46,0,0,36.67,-172.29
28/02/2030 10:00,0,0,9.8,18.6,1.38,1.48,0,0,31.26,-172.38
28/02/2030 11:00,0,0,10.5,20.96,1.43,1.52,0,0,34.41,-172.46
28/02/2030 12:00,0,0,10.25,19.02,1.46,1.53,0,2.38,34.65,-172.53
28/02/2030 13:00,0,0,10.12,19.44,1.57,1.53,2.59,0,35.24,-172.6
28/02/2030 14:00,0,0,10.22,19.18,1.52,1.42,0,0,32.34,-172.66
28/02/2030 15:00,0,0,10,21.48,1.5,1.5,0,0,34.48,-172.72
28/02/2030 16:00,0,0,10.39,21.84,1.69,1.49,0,0,35.4,-172.77
28/02/2030 17:00,0,0,10.17,21.12,1.32,1.42,0,0,34.03,-172.81
28/02/2030 18:00,0,0,9.5,19.78,1.4,1.5,0,2.29,34.47,-172.86
28/02/2030 19:00,0,0,10.09,20.28,1.39,1.49,1.55,0,34.8,-172.89
28/02/2030 20:00,0,0,10.24,21.8,1.32,1.53,0,0,34.88,-172.92
28/02/2030 21:00,0,0,9.91,21.86,1.43,1.5,0,0,34.7,-172.95
28/02/2030 22:00,0,0,10.04,14.62,1.57,0.17,0,0,26.4,-172.97
28/02/2030 23:00,0,0,9.82,19.46,1.44,0.25,0,0,30.96,-172.98
01/03/2030 00:00,0,0,9.59,19.55,1.47,0.1,0,0,30.7,-172.99
01/03/2030 01:00,0,0,9.53,21.34,1.33,0.2,0,0,32.4,-173
